7;29;11;49;19;149;0_0_0
7;29;11;49;19;149;0_0_0
7;29;11;49;19;149;0_0_0
7;29;9;41;19;149;0_0_0
8;26;9;41;19;149;0_0_0
8;26;9;41;19;149;0_0_0
8;26;9;41;19;149;0_0_0
8;26;9;41;19;149;0_0_0
8;26;9;41;19;149;0_0_0
8;26;9;41;19;149;0_0_0
8;26;9;41;19;149;0_0_0
8;26;9;41;19;149;0_0_0
8;26;9;41;19;149;0_0_0
8;26;9;41;19;149;0_0_0
8;26;9;41;16;114;0_0_0
8;26;9;41;16;114;0_0_0
8;26;9;41;16;114;0_0_0
8;26;9;41;16;114;0_0_0
8;26;9;41;16;114;0_0_0
9;33;9;41;16;114;0_0_0
9;33;9;41;16;114;0_0_0
9;33;9;41;16;114;0_0_0
9;33;12;72;16;114;0_0_0
9;33;12;72;16;114;0_0_0
9;33;12;72;16;114;0_0_0
9;33;12;72;16;114;0_0_0
9;33;12;72;16;114;0_0_0
9;33;12;72;16;114;0_0_0
9;33;12;72;16;114;0_0_0
9;33;12;72;16;114;0_0_0
9;33;12;72;16;114;0_0_0
9;33;12;72;16;114;0_0_0
11;59;12;72;22;222;0_0_0
11;59;12;72;22;222;0_0_0
11;59;12;72;22;222;0_0_0
11;59;12;72;22;222;0_0_0
11;59;12;72;22;222;0_0_0
11;59;12;72;22;222;0_0_0
11;59;12;72;22;222;0_0_0
11;59;12;72;22;222;0_0_0
11;59;11;57;22;222;0_0_0
11;59;11;57;22;222;0_0_0
11;59;11;57;22;222;0_0_0
11;59;11;57;22;222;0_0_0
11;59;11;57;22;222;0_0_0
11;59;11;57;22;222;0_0_0
11;59;11;57;22;222;0_0_0
29;281;11;57;22;222;0_0_0
29;281;11;57;22;222;0_0_0
29;281;11;57;22;222;0_0_0
29;281;11;57;22;222;0_0_0
29;281;11;57;17;149;0_0_0
29;281;11;57;17;149;0_0_0
29;281;11;57;17;149;0_0_0
29;281;11;57;17;149;0_0_0
29;281;11;57;17;149;0_0_0
29;281;11;57;17;149;0_0_0
29;281;11;57;17;149;0_0_0
29;281;11;57;17;149;0_0_0
29;281;11;57;17;149;0_0_0
29;281;17;141;17;149;0_0_0
81;2411;17;141;17;149;0_0_0
81;2411;17;141;17;149;0_0_0
81;2411;17;141;17;149;0_0_0
81;2411;17;141;17;149;0_0_0
81;2411;17;141;17;149;0_0_0
81;2411;17;141;17;149;0_0_0
81;2411;17;141;17;149;0_0_0
81;2411;17;141;17;149;0_0_0
81;2411;17;141;63;2315;0_0_0
81;2411;17;141;63;2315;0_0_0
81;2411;17;141;63;2315;0_0_0
81;2411;17;141;63;2315;0_0_0
81;2411;17;141;63;2315;0_0_0
81;2411;17;141;63;2315;0_0_0
81;2411;17;141;63;2315;0_0_0
82;2494;17;141;63;2315;0_0_0
82;2494;17;141;63;2315;0_0_0
82;2494;17;141;63;2315;0_0_0
82;2494;221;25265;63;2315;0_1_0
82;2494;221;25265;63;2315;0_1_0
82;2494;221;25265;63;2315;0_1_0
82;2494;221;25265;63;2315;0_1_0
82;2494;221;25265;63;2315;0_1_0
82;2494;221;25265;63;2315;0_1_0
82;2494;221;25265;63;2315;0_1_0
82;2494;221;25265;63;2315;0_1_0
82;2494;221;25265;54;1706;0_1_0
82;2494;221;25265;54;1706;0_1_0
82;2494;221;25265;54;1706;0_1_0
82;2494;221;25265;54;1706;0_1_0
79;2365;221;25265;54;1706;0_1_0
79;2365;221;25265;54;1706;0_1_0
79;2365;221;25265;54;1706;0_1_0
79;2365;221;25265;54;1706;0_1_0
79;2365;221;25265;54;1706;0_1_0
79;2365;221;25265;54;1706;0_1_0
79;2365;221;25265;54;1706;0_1_0
79;2365;222;25772;54;1706;0_1_0
79;2365;222;25772;54;1706;0_1_0
79;2365;222;25772;54;1706;0_1_0
79;2365;222;25772;54;1706;0_1_0
79;2365;222;25772;54;1706;0_1_0
79;2365;222;25772;54;1706;0_1_0
79;2365;222;25772;54;1706;0_1_0
83;2617;222;25772;54;1706;0_1_0
83;2617;222;25772;49;1665;0_1_0
83;2617;222;25772;49;1665;0_1_0
83;2617;222;25772;49;1665;0_1_0
83;2617;222;25772;49;1665;0_1_0
83;2617;222;25772;49;1665;0_1_0
83;2617;222;25772;49;1665;0_1_0
83;2617;222;25772;49;1665;0_1_0
83;2617;222;25772;49;1665;0_1_0
83;2617;222;25772;49;1665;0_1_0
83;2617;222;25772;49;1665;0_1_0
83;2617;222;25772;49;1665;0_1_0
83;2617;231;26649;49;1665;0_1_0
83;2617;231;26649;49;1665;0_1_0
83;2617;231;26649;49;1665;0_1_0
300;36552;231;26649;49;1665;1_1_0
300;36552;231;26649;49;1665;1_1_0
300;36552;231;26649;49;1665;1_1_0
300;36552;231;26649;49;1665;1_1_0
300;36552;231;26649;49;1665;1_1_0
300;36552;231;26649;45;1613;1_1_0
300;36552;231;26649;45;1613;1_1_0
300;36552;231;26649;45;1613;1_1_0
300;36552;231;26649;45;1613;1_1_0
300;36552;231;26649;45;1613;1_1_0
300;36552;231;26649;45;1613;1_1_0
300;36552;231;26649;45;1613;1_1_0
300;36552;231;26649;45;1613;1_1_0
300;36552;231;26649;45;1613;1_1_0
302;37350;231;26649;45;1613;1_1_0
302;37350;221;25805;45;1613;1_1_0
302;37350;221;25805;45;1613;1_1_0
302;37350;221;25805;45;1613;1_1_0
302;37350;221;25805;45;1613;1_1_0
302;37350;221;25805;45;1613;1_1_0
302;37350;221;25805;45;1613;1_1_0
302;37350;221;25805;45;1613;1_1_0
302;37350;221;25805;45;1613;1_1_0
302;37350;221;25805;45;1613;1_1_0
302;37350;221;25805;58;1662;1_1_0
302;37350;221;25805;58;1662;1_1_0
302;37350;221;25805;58;1662;1_1_0
302;37350;221;25805;58;1662;1_1_0
302;37350;221;25805;58;1662;1_1_0
299;37641;221;25805;58;1662;1_1_0
299;37641;221;25805;58;1662;1_1_0
299;37641;221;25805;58;1662;1_1_0
299;37641;221;25805;58;1662;1_1_0
299;37641;221;25805;58;1662;1_1_0
299;37641;164;19638;58;1662;1_1_0
299;37641;164;19638;58;1662;1_1_0
299;37641;164;19638;58;1662;1_1_0
299;37641;164;19638;58;1662;1_1_0
299;37641;164;19638;58;1662;1_1_0
299;37641;164;19638;58;1662;1_1_0
299;37641;164;19638;58;1662;1_1_0
299;37641;164;19638;58;1662;1_1_0
299;37641;164;19638;48;1314;1_1_0
299;37641;164;19638;48;1314;1_1_0
305;39593;164;19638;48;1314;1_1_0
305;39593;164;19638;48;1314;1_1_0
305;39593;164;19638;48;1314;1_1_0
305;39593;164;19638;48;1314;1_1_0
305;39593;164;19638;48;1314;1_1_0
305;39593;164;19638;48;1314;1_1_0
305;39593;164;19638;48;1314;1_1_0
305;39593;164;19638;48;1314;1_1_0
305;39593;170;20814;48;1314;1_1_0
305;39593;170;20814;48;1314;1_1_0
305;39593;170;20814;48;1314;1_1_0
305;39593;170;20814;48;1314;1_1_0
305;39593;170;20814;48;1314;1_1_0
305;39593;170;20814;48;1314;1_1_0
305;39593;170;20814;48;1314;1_1_0
305;39593;170;20814;48;1314;1_1_0
300;38978;170;20814;48;1314;1_1_0
300;38978;170;20814;52;1544;1_1_0
300;38978;170;20814;52;1544;1_1_0
300;38978;170;20814;52;1544;1_1_0
300;38978;170;20814;52;1544;1_1_0
300;38978;170;20814;52;1544;1_1_0
300;38978;170;20814;52;1544;1_1_0
300;38978;170;20814;52;1544;1_1_0
300;38978;170;20814;52;1544;1_1_0
300;38978;170;20814;52;1544;1_1_0
300;38978;170;20814;52;1544;1_1_0
300;38978;176;22296;52;1544;1_1_0
300;38978;176;22296;52;1544;1_1_0
300;38978;176;22296;52;1544;1_1_0
302;39246;176;22296;52;1544;1_1_0
302;39246;176;22296;52;1544;1_1_0
302;39246;176;22296;52;1544;1_1_0
302;39246;176;22296;52;1544;1_1_0
302;39246;176;22296;52;1544;1_1_0
302;39246;176;22296;52;1544;1_1_0
302;39246;176;22296;695;180249;1_1_1
302;39246;176;22296;695;180249;1_1_1
302;39246;176;22296;695;180249;1_1_1
302;39246;176;22296;695;180249;1_1_1
302;39246;176;22296;695;180249;1_1_1
302;39246;176;22296;695;180249;1_1_1
302;39246;176;22296;695;180249;1_1_1
297;38789;176;22296;695;180249;1_1_1
297;38789;176;22296;695;180249;1_1_1
297;38789;264;28874;695;180249;1_1_1
297;38789;264;28874;695;180249;1_1_1
297;38789;264;28874;695;180249;1_1_1
297;38789;264;28874;695;180249;1_1_1
297;38789;264;28874;695;180249;1_1_1
297;38789;264;28874;695;180249;1_1_1
297;38789;264;28874;695;180249;1_1_1
297;38789;264;28874;695;180249;1_1_1
297;38789;264;28874;695;180249;1_1_1
297;38789;264;28874;695;180249;1_1_1
297;38789;264;28874;1231;526573;1_1_1
297;38789;264;28874;1231;526573;1_1_1
297;38789;264;28874;1231;526573;1_1_1
281;33459;264;28874;1231;526573;1_1_1
281;33459;264;28874;1231;526573;1_1_1
281;33459;264;28874;1231;526573;1_1_1
281;33459;264;28874;1231;526573;1_1_1
281;33459;264;28874;1231;526573;1_1_1
281;33459;264;28874;1231;526573;1_1_1
281;33459;280;31496;1231;526573;1_1_1
281;33459;280;31496;1231;526573;1_1_1
281;33459;280;31496;1231;526573;1_1_1
281;33459;280;31496;1231;526573;1_1_1
281;33459;280;31496;1231;526573;1_1_1
281;33459;280;31496;1231;526573;1_1_1
281;33459;280;31496;1231;526573;1_1_1
281;33459;280;31496;1231;526573;1_1_1
286;32278;280;31496;1231;526573;1_1_1
286;32278;280;31496;1231;526573;1_1_1
286;32278;280;31496;1213;516789;1_1_1
286;32278;280;31496;1213;516789;1_1_1
286;32278;280;31496;1213;516789;1_1_1
286;32278;280;31496;1213;516789;1_1_1
286;32278;280;31496;1213;516789;1_1_1
286;32278;280;31496;1213;516789;1_1_1
286;32278;280;31496;1213;516789;1_1_1
286;32278;280;31496;1213;516789;1_1_1
286;32278;280;31496;1213;516789;1_1_1
286;32278;277;30681;1213;516789;1_1_1
286;32278;277;30681;1213;516789;1_1_1
286;32278;277;30681;1213;516789;1_1_1
286;32278;277;30681;1213;516789;1_1_1
287;33777;277;30681;1213;516789;1_1_1
287;33777;277;30681;1213;516789;1_1_1
287;33777;277;30681;1213;516789;1_1_1
287;33777;277;30681;1213;516789;1_1_1
287;33777;277;30681;1213;516789;1_1_1
287;33777;277;30681;1213;516789;1_1_1
287;33777;277;30681;1225;526269;1_1_1
287;33777;277;30681;1225;526269;1_1_1
287;33777;277;30681;1225;526269;1_1_1
287;33777;277;30681;1225;526269;1_1_1
287;33777;277;30681;1225;526269;1_1_1
287;33777;277;30681;1225;526269;1_1_1
287;33777;277;30681;1225;526269;1_1_1
287;33777;277;30681;1225;526269;1_1_1
21;273;277;30681;1225;526269;0_1_1
21;273;277;30681;1225;526269;0_1_1
21;273;277;31137;1225;526269;0_1_1
21;273;277;31137;1225;526269;0_1_1
21;273;277;31137;1225;526269;0_1_1
21;273;277;31137;1225;526269;0_1_1
21;273;277;31137;1225;526269;0_1_1
21;273;277;31137;1225;526269;0_1_1
21;273;277;31137;1225;526269;0_1_1
21;273;277;31137;1225;526269;0_1_1
21;273;277;31137;1225;526269;0_1_1
21;273;277;31137;1226;525890;0_1_1
21;273;277;31137;1226;525890;0_1_1
21;273;277;31137;1226;525890;0_1_1
21;273;277;31137;1226;525890;0_1_1
21;273;277;31137;1226;525890;0_1_1
21;273;277;31137;1226;525890;0_1_1
17;137;277;31137;1226;525890;0_1_1
17;137;277;31137;1226;525890;0_1_1
17;137;277;31137;1226;525890;0_1_1
17;137;277;31137;1226;525890;0_1_1
17;137;196;17614;1226;525890;0_1_1
17;137;196;17614;1226;525890;0_1_1
17;137;196;17614;1226;525890;0_1_1
17;137;196;17614;1226;525890;0_1_1
17;137;196;17614;1226;525890;0_1_1
17;137;196;17614;1226;525890;0_1_1
17;137;196;17614;1226;525890;0_1_1
17;137;196;17614;1226;525890;0_1_1
17;137;196;17614;1226;525890;0_1_1
17;137;196;17614;1229;534729;0_1_1
17;137;196;17614;1229;534729;0_1_1
17;137;196;17614;1229;534729;0_1_1
18;162;196;17614;1229;534729;0_1_1
18;162;196;17614;1229;534729;0_1_1
18;162;196;17614;1229;534729;0_1_1
18;162;196;17614;1229;534729;0_1_1
18;162;196;17614;1229;534729;0_1_1
18;162;196;17614;1229;534729;0_1_1
18;162;196;17614;1229;534729;0_1_1
18;162;124;9626;1229;534729;0_0_1
18;162;124;9626;1229;534729;0_0_1
18;162;124;9626;1229;534729;0_0_1
18;162;124;9626;1229;534729;0_0_1
18;162;124;9626;1229;534729;0_0_1
18;162;124;9626;1229;534729;0_0_1
18;162;124;9626;1229;534729;0_0_1
18;162;124;9626;1229;534729;0_0_1
22;194;124;9626;1229;534729;0_0_1
22;194;124;9626;1229;534729;0_0_1
22;194;124;9626;1236;539910;0_0_1
22;194;124;9626;1236;539910;0_0_1
22;194;124;9626;1236;539910;0_0_1
22;194;124;9626;1236;539910;0_0_1
22;194;124;9626;1236;539910;0_0_1
22;194;124;9626;1236;539910;0_0_1
22;194;124;9626;1236;539910;0_0_1
22;194;124;9626;1236;539910;0_0_1
22;194;112;7806;1236;539910;0_0_1
22;194;112;7806;1236;539910;0_0_1
22;194;112;7806;1236;539910;0_0_1
22;194;112;7806;1236;539910;0_0_1
22;194;112;7806;1236;539910;0_0_1
30;314;112;7806;1236;539910;0_0_1
30;314;112;7806;1236;539910;0_0_1
30;314;112;7806;1236;539910;0_0_1
30;314;112;7806;1236;539910;0_0_1
30;314;112;7806;1236;539910;0_0_1
30;314;112;7806;1236;539910;0_0_1
30;314;112;7806;1217;525821;0_0_1
30;314;112;7806;1217;525821;0_0_1
30;314;112;7806;1217;525821;0_0_1
30;314;112;7806;1217;525821;0_0_1
30;314;112;7806;1217;525821;0_0_1
30;314;112;7806;1217;525821;0_0_1
30;314;112;7806;1217;525821;0_0_1
30;314;112;7806;1217;525821;0_0_1
30;314;100;8334;1217;525821;0_0_1
30;314;100;8334;1217;525821;0_0_1
27;285;100;8334;1217;525821;0_0_1
27;285;100;8334;1217;525821;0_0_1
27;285;100;8334;1217;525821;0_0_1
27;285;100;8334;1217;525821;0_0_1
27;285;100;8334;1217;525821;0_0_1
27;285;100;8334;1217;525821;0_0_1
27;285;100;8334;1217;525821;0_0_1
27;285;100;8334;1217;525821;0_0_1
27;285;100;8334;1217;525821;0_0_1
27;285;100;8334;1226;529950;0_0_1
27;285;100;8334;1226;529950;0_0_1
27;285;100;8334;1226;529950;0_0_1
27;285;100;8334;1226;529950;0_0_1
27;285;100;8334;1226;529950;0_0_1
27;285;100;8334;1226;529950;0_0_1
27;285;100;8334;1226;529950;0_0_1
32;366;100;8334;1226;529950;0_0_1
32;366;104;5206;1226;529950;0_0_1
32;366;104;5206;1226;529950;0_0_1
22;174;104;5206;1226;529950;0_0_1
32;366;104;5206;1226;529950;0_0_1
22;174;104;5206;1226;529950;0_0_1
22;174;104;5206;1226;529950;0_0_1
32;366;104;5206;1226;529950;0_0_1
22;174;104;5206;1226;529950;0_0_1
32;366;104;5206;1226;529950;0_0_1
32;366;104;5206;1226;529950;0_0_1
22;174;104;5206;1226;529950;0_0_1
22;174;104;5206;1217;522059;0_0_1
32;366;104;5206;1217;522059;0_0_1
22;174;104;5206;1217;522059;0_0_1
32;366;104;5206;1217;522059;0_0_1
22;174;104;5206;1217;522059;0_0_1
32;366;104;5206;1217;522059;0_0_1
22;174;104;5206;1217;522059;0_0_1
32;366;106;5356;1217;522059;0_0_1
22;174;106;5356;1217;522059;0_0_1
32;366;106;5356;1217;522059;0_0_1
22;174;106;5356;1217;522059;0_0_1
32;366;106;5356;1217;522059;0_0_1
32;366;106;5356;1217;522059;0_0_1
18;170;106;5356;1217;522059;0_0_1
32;366;106;5356;1217;522059;0_0_1
18;170;106;5356;1217;522059;0_0_1
32;366;106;5356;1217;522059;0_0_1
18;170;106;5356;1217;522059;0_0_1
22;174;106;5356;1217;522059;0_0_1
22;174;106;5356;146;8874;0_0_0
18;170;106;5356;146;8874;0_0_0
18;170;106;5356;146;8874;0_0_0
22;174;106;5356;146;8874;0_0_0
18;170;106;5356;146;8874;0_0_0
22;174;106;5356;146;8874;0_0_0
18;170;106;5356;146;8874;0_0_0
22;174;106;5356;146;8874;0_0_0
18;170;17;121;146;8874;0_0_0
18;170;17;121;146;8874;0_0_0
18;170;17;121;146;8874;0_0_0
18;170;17;121;146;8874;0_0_0
18;170;17;121;146;8874;0_0_0
18;170;17;121;146;8874;0_0_0
18;170;17;121;146;8874;0_0_0
18;170;17;121;146;8874;0_0_0
18;170;17;121;146;8874;0_0_0
18;170;17;121;146;8874;0_0_0
18;170;17;121;146;8874;0_0_0
26;318;17;121;38;570;0_0_0
26;318;17;121;38;570;0_0_0
26;318;17;121;38;570;0_0_0
26;318;17;121;38;570;0_0_0
26;318;17;121;38;570;0_0_0
26;318;17;121;38;570;0_0_0
26;318;17;121;38;570;0_0_0
26;318;17;121;38;570;0_0_0
26;318;14;98;38;570;0_0_0
26;318;14;98;38;570;0_0_0
26;318;14;98;38;570;0_0_0
26;318;14;98;38;570;0_0_0
26;318;14;98;38;570;0_0_0
26;318;14;98;38;570;0_0_0
26;318;14;98;38;570;0_0_0
26;318;14;98;38;570;0_0_0
26;318;14;98;38;570;0_0_0
89;2773;14;98;38;570;0_0_0
89;2773;14;98;38;570;0_0_0
89;2773;14;98;38;570;0_0_0
89;2773;14;98;41;633;0_0_0
89;2773;14;98;41;633;0_0_0
89;2773;14;98;41;633;0_0_0
89;2773;14;98;41;633;0_0_0
89;2773;14;98;41;633;0_0_0
89;2773;14;98;41;633;0_0_0
89;2773;14;98;41;633;0_0_0
89;2773;19;133;41;633;0_0_0
89;2773;19;133;41;633;0_0_0
89;2773;19;133;41;633;0_0_0
89;2773;19;133;41;633;0_0_0
89;2773;19;133;41;633;0_0_0
89;2773;19;133;41;633;0_0_0
93;3131;19;133;41;633;0_0_0
93;3131;19;133;41;633;0_0_0
93;3131;19;133;41;633;0_0_0
93;3131;19;133;41;633;0_0_0
93;3131;19;133;41;633;0_0_0
93;3131;19;133;46;746;0_0_0
93;3131;19;133;46;746;0_0_0
93;3131;19;133;46;746;0_0_0
93;3131;19;133;46;746;0_0_0
93;3131;19;133;46;746;0_0_0
93;3131;19;133;46;746;0_0_0
93;3131;19;133;46;746;0_0_0
93;3131;19;133;46;746;0_0_0
93;3131;11;73;46;746;0_0_0
93;3131;11;73;46;746;0_0_0
93;3131;11;73;46;746;0_0_0
116;5496;11;73;46;746;0_0_0
116;5496;11;73;46;746;0_0_0
116;5496;11;73;46;746;0_0_0
116;5496;11;73;46;746;0_0_0
116;5496;11;73;46;746;0_0_0
116;5496;11;73;46;746;0_0_0
116;5496;11;73;46;746;0_0_0
116;5496;11;73;46;746;0_0_0
116;5496;11;73;43;657;0_0_0
116;5496;11;73;43;657;0_0_0
116;5496;11;73;43;657;0_0_0
116;5496;11;73;43;657;0_0_0
116;5496;11;73;43;657;0_0_0
116;5496;11;73;43;657;0_0_0
116;5496;11;73;43;657;0_0_0
116;5496;11;73;43;657;0_0_0
116;5496;17;121;43;657;0_0_0
116;5496;17;121;43;657;0_0_0
267;32837;17;121;43;657;1_0_0
267;32837;17;121;43;657;1_0_0
267;32837;17;121;43;657;1_0_0
267;32837;17;121;43;657;1_0_0
267;32837;17;121;43;657;1_0_0
267;32837;17;121;43;657;1_0_0
267;32837;17;121;43;657;1_0_0
267;32837;17;121;43;657;1_0_0
267;32837;17;121;43;657;1_0_0
267;32837;17;121;975;342269;1_0_1
267;32837;17;121;975;342269;1_0_1
267;32837;17;121;975;342269;1_0_1
267;32837;17;121;975;342269;1_0_1
267;32837;17;121;975;342269;1_0_1
267;32837;17;121;975;342269;1_0_1
267;32837;17;121;975;342269;1_0_1
267;32837;17;121;975;342269;1_0_1
266;32726;123;6669;975;342269;1_0_1
266;32726;123;6669;975;342269;1_0_1
266;32726;123;6669;975;342269;1_0_1
266;32726;123;6669;975;342269;1_0_1
266;32726;123;6669;975;342269;1_0_1
266;32726;123;6669;975;342269;1_0_1
266;32726;123;6669;975;342269;1_0_1
266;32726;123;6669;975;342269;1_0_1
266;32726;123;6669;975;342269;1_0_1
266;32726;123;6669;975;342269;1_0_1
266;32726;123;6669;975;342269;1_0_1
266;32726;123;6669;2220;2286926;1_0_1
266;32726;123;6669;2220;2286926;1_0_1
266;32726;123;6669;2220;2286926;1_0_1
266;32726;123;6669;2220;2286926;1_0_1
266;32726;123;6669;2220;2286926;1_0_1
266;32726;123;6669;2220;2286926;1_0_1
260;30014;123;6669;2220;2286926;1_0_1
260;30014;123;6669;2220;2286926;1_0_1
260;30014;123;6669;2220;2286926;1_0_1
260;30014;122;6886;2220;2286926;1_0_1
260;30014;122;6886;2220;2286926;1_0_1
260;30014;122;6886;2220;2286926;1_0_1
260;30014;122;6886;2220;2286926;1_0_1
260;30014;122;6886;2220;2286926;1_0_1
260;30014;122;6886;2220;2286926;1_0_1
260;30014;122;6886;2220;2286926;1_0_1
260;30014;122;6886;2220;2286926;1_0_1
260;30014;122;6886;2220;2286926;1_0_1
260;30014;122;6886;2220;2286926;1_0_1
260;30014;122;6886;2196;2171246;1_0_1
260;30014;122;6886;2196;2171246;1_0_1
260;30014;122;6886;2196;2171246;1_0_1
260;30014;122;6886;2196;2171246;1_0_1
255;27603;122;6886;2196;2171246;1_0_1
255;27603;122;6886;2196;2171246;1_0_1
255;27603;122;6886;2196;2171246;1_0_1
255;27603;122;6886;2196;2171246;1_0_1
255;27603;122;6886;2196;2171246;1_0_1
255;27603;320;50026;2196;2171246;1_1_1
255;27603;320;50026;2196;2171246;1_1_1
255;27603;320;50026;2196;2171246;1_1_1
255;27603;320;50026;2196;2171246;1_1_1
255;27603;320;50026;2196;2171246;1_1_1
255;27603;320;50026;2196;2171246;1_1_1
255;27603;320;50026;2196;2171246;1_1_1
255;27603;320;50026;2196;2171246;1_1_1
255;27603;320;50026;2196;2171246;1_1_1
255;27603;320;50026;2196;2171246;1_1_1
255;27603;320;50026;2212;2210050;1_1_1
255;27603;320;50026;2212;2210050;1_1_1
245;24125;320;50026;2212;2210050;1_1_1
245;24125;320;50026;2212;2210050;1_1_1
245;24125;320;50026;2212;2210050;1_1_1
245;24125;320;50026;2212;2210050;1_1_1
245;24125;320;50026;2212;2210050;1_1_1
245;24125;320;50026;2212;2210050;1_1_1
245;24125;320;50026;2212;2210050;1_1_1
245;24125;306;48894;2212;2210050;1_1_1
245;24125;306;48894;2212;2210050;1_1_1
245;24125;306;48894;2212;2210050;1_1_1
245;24125;306;48894;2212;2210050;1_1_1
245;24125;306;48894;2212;2210050;1_1_1
245;24125;306;48894;2212;2210050;1_1_1
245;24125;306;48894;2212;2210050;1_1_1
245;24125;306;48894;2212;2210050;1_1_1
245;24125;306;48894;2212;2210050;1_1_1
245;24125;306;48894;2212;2210050;1_1_1
238;21374;306;48894;2212;2210050;1_1_1
238;21374;306;48894;2213;2205673;1_1_1
238;21374;306;48894;2213;2205673;1_1_1
238;21374;306;48894;2213;2205673;1_1_1
238;21374;306;48894;2213;2205673;1_1_1
238;21374;306;48894;2213;2205673;1_1_1
238;21374;306;48894;2213;2205673;1_1_1
238;21374;306;48894;2213;2205673;1_1_1
238;21374;306;51050;2213;2205673;1_1_1
238;21374;306;51050;2213;2205673;1_1_1
238;21374;306;51050;2213;2205673;1_1_1
238;21374;306;51050;2213;2205673;1_1_1
238;21374;306;51050;2213;2205673;1_1_1
238;21374;306;51050;2213;2205673;1_1_1
238;21374;306;51050;2213;2205673;1_1_1
238;21374;306;51050;2213;2205673;1_1_1
238;21374;306;51050;2213;2205673;1_1_1
246;22874;306;51050;2213;2205673;1_1_1
246;22874;306;51050;2213;2205673;1_1_1
246;22874;306;51050;2213;2205673;1_1_1
246;22874;306;51050;2195;2175533;1_1_1
246;22874;306;51050;2195;2175533;1_1_1
246;22874;306;51050;2195;2175533;1_1_1
246;22874;306;51050;2195;2175533;1_1_1
246;22874;306;51050;2195;2175533;1_1_1
246;22874;306;51050;2195;2175533;1_1_1
246;22874;306;51050;2195;2175533;1_1_1
246;22874;270;41474;2195;2175533;1_1_1
246;22874;270;41474;2195;2175533;1_1_1
246;22874;270;41474;2195;2175533;1_1_1
246;22874;270;41474;2195;2175533;1_1_1
246;22874;270;41474;2195;2175533;1_1_1
246;22874;270;41474;2195;2175533;1_1_1
246;22874;270;41474;2195;2175533;1_1_1
35;469;270;41474;2195;2175533;0_1_1
35;469;270;41474;2195;2175533;0_1_1
35;469;270;41474;2195;2175533;0_1_1
35;469;270;41474;2195;2175533;0_1_1
35;469;270;41474;2195;2175533;0_1_1
35;469;270;41474;2206;2202170;0_1_1
35;469;270;41474;2206;2202170;0_1_1
35;469;270;41474;2206;2202170;0_1_1
35;469;270;41474;2206;2202170;0_1_1
35;469;270;41474;2206;2202170;0_1_1
35;469;270;41474;2206;2202170;0_1_1
35;469;270;41474;2206;2202170;0_1_1
35;469;281;41755;2206;2202170;0_1_1
35;469;281;41755;2206;2202170;0_1_1
35;469;281;41755;2206;2202170;0_1_1
35;469;281;41755;2206;2202170;0_1_1
35;469;281;41755;2206;2202170;0_1_1
32;454;281;41755;2206;2202170;0_1_1
32;454;281;41755;2206;2202170;0_1_1
32;454;281;41755;2206;2202170;0_1_1
32;454;281;41755;2206;2202170;0_1_1
32;454;281;41755;2206;2202170;0_1_1
32;454;281;41755;2206;2202170;0_1_1
32;454;281;41755;2206;2202170;0_1_1
32;454;281;41755;405;67337;0_1_0
32;454;281;41755;405;67337;0_1_0
32;454;281;41755;405;67337;0_1_0
32;454;281;41755;405;67337;0_1_0
32;454;281;41755;405;67337;0_1_0
32;454;281;41755;405;67337;0_1_0
32;454;281;41755;405;67337;0_1_0
32;454;281;41755;405;67337;0_1_0
32;454;212;33302;405;67337;0_1_0
32;454;212;33302;405;67337;0_1_0
32;454;212;33302;405;67337;0_1_0
32;454;212;33302;405;67337;0_1_0
32;454;212;33302;405;67337;0_1_0
32;454;212;33302;405;67337;0_1_0
32;454;212;33302;405;67337;0_1_0
32;454;212;33302;405;67337;0_1_0
32;454;212;33302;405;67337;0_1_0
32;454;212;33302;405;67337;0_1_0
32;454;212;33302;405;67337;0_1_0
32;454;212;33302;57;1769;0_1_0
32;454;212;33302;57;1769;0_1_0
32;454;212;33302;57;1769;0_1_0
32;454;212;33302;57;1769;0_1_0
32;454;212;33302;57;1769;0_1_0
32;454;212;33302;57;1769;0_1_0
32;454;212;33302;57;1769;0_1_0
32;454;212;33302;57;1769;0_1_0
32;454;225;36089;57;1769;0_1_0
32;454;225;36089;57;1769;0_1_0
32;454;225;36089;57;1769;0_1_0
32;454;225;36089;57;1769;0_1_0
32;454;225;36089;57;1769;0_1_0
32;454;225;36089;57;1769;0_1_0
32;454;225;36089;57;1769;0_1_0
32;454;225;36089;57;1769;0_1_0
32;454;225;36089;57;1769;0_1_0
32;454;225;36089;57;1769;0_1_0
32;454;225;36089;57;1769;0_1_0
32;454;225;36089;54;1838;0_1_0
32;454;225;36089;54;1838;0_1_0
32;454;225;36089;54;1838;0_1_0
32;454;225;36089;54;1838;0_1_0
32;454;225;36089;54;1838;0_1_0
32;454;225;36089;54;1838;0_1_0
32;454;225;36089;54;1838;0_1_0
32;454;225;36089;54;1838;0_1_0
32;454;78;2330;54;1838;0_0_0
32;454;78;2330;54;1838;0_0_0
32;454;78;2330;54;1838;0_0_0
32;454;78;2330;54;1838;0_0_0
32;454;78;2330;54;1838;0_0_0
32;454;78;2330;54;1838;0_0_0
32;454;78;2330;54;1838;0_0_0
32;454;78;2330;54;1838;0_0_0
32;454;78;2330;54;1838;0_0_0
32;454;78;2330;54;1838;0_0_0
32;454;78;2330;54;1838;0_0_0
32;454;78;2330;54;1838;0_0_0
32;454;78;2330;47;821;0_0_0
32;454;78;2330;47;821;0_0_0
32;454;78;2330;47;821;0_0_0
32;454;78;2330;47;821;0_0_0
32;454;78;2330;47;821;0_0_0
32;454;78;2330;47;821;0_0_0
32;454;78;2330;47;821;0_0_0
32;454;86;3332;47;821;0_0_0
32;454;86;3332;47;821;0_0_0
32;454;86;3332;47;821;0_0_0
32;454;86;3332;47;821;0_0_0
32;454;86;3332;47;821;0_0_0
32;454;86;3332;47;821;0_0_0
32;454;86;3332;47;821;0_0_0
32;454;86;3332;47;821;0_0_0
32;454;86;3332;47;821;0_0_0
32;454;86;3332;47;821;0_0_0
32;454;86;3332;47;821;0_0_0
32;454;86;3332;47;821;0_0_0
32;454;86;3332;45;809;0_0_0
32;454;86;3332;45;809;0_0_0
32;454;86;3332;45;809;0_0_0
32;454;86;3332;45;809;0_0_0
32;454;86;3332;45;809;0_0_0
32;454;86;3332;45;809;0_0_0
32;454;90;3476;45;809;0_0_0
32;454;90;3476;45;809;0_0_0
32;454;90;3476;45;809;0_0_0
32;454;90;3476;45;809;0_0_0
32;454;90;3476;45;809;0_0_0
32;454;90;3476;45;809;0_0_0
32;454;90;3476;45;809;0_0_0
32;454;90;3476;45;809;0_0_0
32;454;90;3476;45;809;0_0_0
32;454;90;3476;45;809;0_0_0
32;454;90;3476;45;809;0_0_0
32;454;90;3476;45;809;0_0_0
32;454;90;3476;45;809;0_0_0
32;454;90;3476;53;1107;0_0_0
32;454;90;3476;53;1107;0_0_0
32;454;90;3476;53;1107;0_0_0
32;454;90;3476;53;1107;0_0_0
32;454;90;3476;53;1107;0_0_0
32;454;90;3476;53;1107;0_0_0
32;454;22;190;53;1107;0_0_0
32;454;22;190;53;1107;0_0_0
32;454;22;190;53;1107;0_0_0
32;454;22;190;53;1107;0_0_0
32;454;22;190;53;1107;0_0_0
32;454;22;190;53;1107;0_0_0
32;454;22;190;53;1107;0_0_0
32;454;22;190;53;1107;0_0_0
32;454;22;190;53;1107;0_0_0
32;454;22;190;53;1107;0_0_0
32;454;22;190;53;1107;0_0_0
32;454;22;190;53;1107;0_0_0
32;454;22;190;53;1107;0_0_0
32;454;22;190;58;1330;0_0_0
32;454;22;190;58;1330;0_0_0
32;454;22;190;58;1330;0_0_0
32;454;22;190;58;1330;0_0_0
32;454;22;190;58;1330;0_0_0
32;454;22;190;58;1330;0_0_0
32;454;22;190;58;1330;0_0_0
32;454;15;89;58;1330;0_0_0
32;454;15;89;58;1330;0_0_0
32;454;15;89;58;1330;0_0_0
32;454;15;89;58;1330;0_0_0
32;454;15;89;58;1330;0_0_0
32;454;15;89;58;1330;0_0_0
32;454;15;89;58;1330;0_0_0
32;454;15;89;58;1330;0_0_0
32;454;15;89;58;1330;0_0_0
32;454;15;89;58;1330;0_0_0
32;454;15;89;58;1330;0_0_0
32;454;15;89;58;1330;0_0_0
19;165;14;108;11;85;0_0_0
19;165;14;108;11;85;0_0_0
19;165;14;108;10;82;0_0_0
19;165;14;108;10;82;0_0_0
19;165;14;108;10;82;0_0_0
19;165;14;108;10;82;0_0_0
19;165;14;108;10;82;0_0_0
19;165;14;108;10;82;0_0_0
19;165;14;108;10;82;0_0_0
19;165;12;104;10;82;0_0_0
19;165;12;104;10;82;0_0_0
19;165;12;104;10;82;0_0_0
19;165;12;104;10;82;0_0_0
19;165;12;104;10;82;0_0_0
24;296;12;104;10;82;0_0_0
24;296;12;104;10;82;0_0_0
24;296;12;104;10;82;0_0_0
24;296;12;104;10;82;0_0_0
24;296;12;104;10;82;0_0_0
24;296;12;104;10;82;0_0_0
24;296;12;104;10;82;0_0_0
24;296;12;104;12;74;0_0_0
24;296;12;104;12;74;0_0_0
24;296;12;104;12;74;0_0_0
24;296;12;104;12;74;0_0_0
24;296;12;104;12;74;0_0_0
24;296;12;104;12;74;0_0_0
24;296;12;104;12;74;0_0_0
24;296;12;104;12;74;0_0_0
24;296;22;214;12;74;0_0_0
24;296;22;214;12;74;0_0_0
24;296;22;214;12;74;0_0_0
24;296;22;214;12;74;0_0_0
23;277;22;214;12;74;0_0_0
23;277;22;214;12;74;0_0_0
23;277;22;214;12;74;0_0_0
23;277;22;214;12;74;0_0_0
23;277;22;214;12;74;0_0_0
23;277;22;214;12;74;0_0_0
23;277;22;214;12;74;0_0_0
23;277;22;214;11;83;0_0_0
23;277;22;214;11;83;0_0_0
23;277;22;214;11;83;0_0_0
23;277;22;214;11;83;0_0_0
23;277;22;214;11;83;0_0_0
23;277;22;214;11;83;0_0_0
23;277;22;214;11;83;0_0_0
23;277;22;214;11;83;0_0_0
23;277;15;129;11;83;0_0_0
23;277;15;129;11;83;0_0_0
23;277;15;129;11;83;0_0_0
23;277;15;129;11;83;0_0_0
43;1321;15;129;11;83;0_0_0
43;1321;15;129;11;83;0_0_0
43;1321;15;129;11;83;0_0_0
43;1321;15;129;11;83;0_0_0
43;1321;15;129;11;83;0_0_0
43;1321;15;129;11;83;0_0_0
43;1321;15;129;11;83;0_0_0
43;1321;15;129;72;1832;0_0_0
43;1321;15;129;72;1832;0_0_0
43;1321;15;129;72;1832;0_0_0
43;1321;15;129;72;1832;0_0_0
43;1321;15;129;72;1832;0_0_0
43;1321;15;129;72;1832;0_0_0
43;1321;15;129;72;1832;0_0_0
43;1321;15;129;72;1832;0_0_0
43;1321;141;10853;72;1832;0_1_0
43;1321;141;10853;72;1832;0_1_0
43;1321;141;10853;72;1832;0_1_0
43;1321;141;10853;72;1832;0_1_0
43;1321;141;10853;72;1832;0_1_0
72;3366;141;10853;72;1832;0_1_0
72;3366;141;10853;72;1832;0_1_0
72;3366;141;10853;72;1832;0_1_0
72;3366;141;10853;72;1832;0_1_0
72;3366;141;10853;72;1832;0_1_0
72;3366;141;10853;72;1832;0_1_0
72;3366;141;10853;70;1774;0_1_0
72;3366;141;10853;70;1774;0_1_0
72;3366;141;10853;70;1774;0_1_0
72;3366;141;10853;70;1774;0_1_0
72;3366;141;10853;70;1774;0_1_0
72;3366;141;10853;70;1774;0_1_0
72;3366;141;10853;70;1774;0_1_0
72;3366;141;10853;70;1774;0_1_0
72;3366;145;11341;70;1774;0_1_0
72;3366;145;11341;70;1774;0_1_0
72;3366;145;11341;70;1774;0_1_0
72;3366;145;11341;70;1774;0_1_0
69;3329;145;11341;70;1774;0_1_0
69;3329;145;11341;70;1774;0_1_0
69;3329;145;11341;70;1774;0_1_0
69;3329;145;11341;70;1774;0_1_0
69;3329;145;11341;70;1774;0_1_0
69;3329;145;11341;70;1774;0_1_0
69;3329;145;11341;70;1774;0_1_0
69;3329;145;11341;76;1998;0_1_0
69;3329;145;11341;76;1998;0_1_0
69;3329;145;11341;76;1998;0_1_0
69;3329;145;11341;76;1998;0_1_0
69;3329;145;11341;76;1998;0_1_0
69;3329;145;11341;76;1998;0_1_0
69;3329;145;11341;76;1998;0_1_0
69;3329;163;15325;76;1998;0_1_0
69;3329;163;15325;76;1998;0_1_0
69;3329;163;15325;76;1998;0_1_0
69;3329;163;15325;76;1998;0_1_0
69;3329;163;15325;76;1998;0_1_0
821;277373;163;15325;76;1998;1_1_0
821;277373;163;15325;76;1998;1_1_0
821;277373;163;15325;76;1998;1_1_0
821;277373;163;15325;76;1998;1_1_0
821;277373;163;15325;76;1998;1_1_0
821;277373;163;15325;76;1998;1_1_0
821;277373;163;15325;76;1998;1_1_0
821;277373;163;15325;89;2669;1_1_0
821;277373;163;15325;89;2669;1_1_0
821;277373;163;15325;89;2669;1_1_0
821;277373;163;15325;89;2669;1_1_0
821;277373;163;15325;89;2669;1_1_0
821;277373;163;15325;89;2669;1_1_0
821;277373;163;15325;89;2669;1_1_0
821;277373;220;32958;89;2669;1_1_0
821;277373;220;32958;89;2669;1_1_0
821;277373;220;32958;89;2669;1_1_0
821;277373;220;32958;89;2669;1_1_0
821;277373;220;32958;89;2669;1_1_0
800;265248;220;32958;89;2669;1_1_0
800;265248;220;32958;89;2669;1_1_0
800;265248;220;32958;89;2669;1_1_0
800;265248;220;32958;89;2669;1_1_0
800;265248;220;32958;89;2669;1_1_0
800;265248;220;32958;89;2669;1_1_0
800;265248;220;32958;89;2669;1_1_0
800;265248;220;32958;100;3402;1_1_0
800;265248;220;32958;100;3402;1_1_0
800;265248;220;32958;100;3402;1_1_0
800;265248;220;32958;100;3402;1_1_0
800;265248;220;32958;100;3402;1_1_0
800;265248;220;32958;100;3402;1_1_0
800;265248;220;32958;100;3402;1_1_0
800;265248;220;32958;100;3402;1_1_0
800;265248;286;55706;100;3402;1_1_0
800;265248;286;55706;100;3402;1_1_0
800;265248;286;55706;100;3402;1_1_0
827;284331;286;55706;100;3402;1_1_0
827;284331;286;55706;100;3402;1_1_0
827;284331;286;55706;100;3402;1_1_0
827;284331;286;55706;100;3402;1_1_0
827;284331;286;55706;100;3402;1_1_0
827;284331;286;55706;100;3402;1_1_0
827;284331;286;55706;100;3402;1_1_0
827;284331;286;55706;100;3402;1_1_0
827;284331;286;55706;653;178317;1_1_1
827;284331;286;55706;653;178317;1_1_1
827;284331;286;55706;653;178317;1_1_1
827;284331;286;55706;653;178317;1_1_1
827;284331;286;55706;653;178317;1_1_1
827;284331;286;55706;653;178317;1_1_1
827;284331;286;55706;653;178317;1_1_1
827;284331;310;61746;653;178317;1_1_1
827;284331;310;61746;653;178317;1_1_1
827;284331;310;61746;653;178317;1_1_1
827;284331;310;61746;653;178317;1_1_1
812;271312;310;61746;653;178317;1_1_1
812;271312;310;61746;653;178317;1_1_1
812;271312;310;61746;653;178317;1_1_1
812;271312;310;61746;653;178317;1_1_1
812;271312;310;61746;653;178317;1_1_1
812;271312;310;61746;653;178317;1_1_1
812;271312;310;61746;653;178317;1_1_1
812;271312;310;61746;653;178317;1_1_1
812;271312;310;61746;669;183261;1_1_1
812;271312;310;61746;669;183261;1_1_1
812;271312;310;61746;669;183261;1_1_1
812;271312;310;61746;669;183261;1_1_1
812;271312;310;61746;669;183261;1_1_1
812;271312;310;61746;669;183261;1_1_1
812;271312;310;61746;669;183261;1_1_1
812;271312;308;59912;669;183261;1_1_1
812;271312;308;59912;669;183261;1_1_1
812;271312;308;59912;669;183261;1_1_1
812;271312;308;59912;669;183261;1_1_1
812;271312;308;59912;669;183261;1_1_1
809;272093;308;59912;669;183261;1_1_1
809;272093;308;59912;669;183261;1_1_1
809;272093;308;59912;669;183261;1_1_1
809;272093;308;59912;669;183261;1_1_1
809;272093;308;59912;669;183261;1_1_1
809;272093;308;59912;669;183261;1_1_1
809;272093;308;59912;669;183261;1_1_1
809;272093;308;59912;661;174441;1_1_1
809;272093;308;59912;661;174441;1_1_1
809;272093;308;59912;661;174441;1_1_1
809;272093;308;59912;661;174441;1_1_1
809;272093;308;59912;661;174441;1_1_1
809;272093;308;59912;661;174441;1_1_1
809;272093;308;59912;661;174441;1_1_1
809;272093;223;25419;661;174441;1_1_1
809;272093;223;25419;661;174441;1_1_1
809;272093;223;25419;661;174441;1_1_1
809;272093;223;25419;661;174441;1_1_1
809;272093;223;25419;661;174441;1_1_1
798;253260;223;25419;661;174441;1_1_1
798;253260;223;25419;661;174441;1_1_1
798;253260;223;25419;661;174441;1_1_1
798;253260;223;25419;661;174441;1_1_1
798;253260;223;25419;661;174441;1_1_1
798;253260;223;25419;661;174441;1_1_1
798;253260;223;25419;646;163764;1_1_1
798;253260;223;25419;646;163764;1_1_1
798;253260;223;25419;646;163764;1_1_1
798;253260;223;25419;646;163764;1_1_1
798;253260;223;25419;646;163764;1_1_1
798;253260;223;25419;646;163764;1_1_1
798;253260;223;25419;646;163764;1_1_1
798;253260;223;25419;646;163764;1_1_1
798;253260;219;23673;646;163764;1_1_1
798;253260;219;23673;646;163764;1_1_1
798;253260;219;23673;646;163764;1_1_1
798;253260;219;23673;646;163764;1_1_1
798;253260;219;23673;646;163764;1_1_1
816;265256;219;23673;646;163764;1_1_1
816;265256;219;23673;646;163764;1_1_1
816;265256;219;23673;646;163764;1_1_1
816;265256;219;23673;646;163764;1_1_1
816;265256;219;23673;646;163764;1_1_1
816;265256;219;23673;646;163764;1_1_1
816;265256;219;23673;329;48389;1_1_1
816;265256;219;23673;329;48389;1_1_1
816;265256;219;23673;329;48389;1_1_1
816;265256;219;23673;329;48389;1_1_1
816;265256;219;23673;329;48389;1_1_1
816;265256;219;23673;329;48389;1_1_1
816;265256;219;23673;329;48389;1_1_1
816;265256;219;23673;329;48389;1_1_1
816;265256;121;7523;329;48389;1_0_1
816;265256;121;7523;329;48389;1_0_1
816;265256;121;7523;329;48389;1_0_1
816;265256;121;7523;329;48389;1_0_1
784;243578;121;7523;329;48389;1_0_1
784;243578;121;7523;329;48389;1_0_1
784;243578;121;7523;329;48389;1_0_1
784;243578;121;7523;329;48389;1_0_1
784;243578;121;7523;329;48389;1_0_1
784;243578;121;7523;329;48389;1_0_1
784;243578;121;7523;26;410;1_0_0
784;243578;121;7523;26;410;1_0_0
784;243578;121;7523;26;410;1_0_0
784;243578;121;7523;26;410;1_0_0
784;243578;121;7523;26;410;1_0_0
784;243578;121;7523;26;410;1_0_0
784;243578;121;7523;26;410;1_0_0
784;243578;121;7523;26;410;1_0_0
784;243578;121;7523;26;410;1_0_0
784;243578;121;7523;26;410;1_0_0
784;243578;120;6914;26;410;1_0_0
784;243578;120;6914;26;410;1_0_0
784;243578;120;6914;26;410;1_0_0
791;249493;120;6914;26;410;1_0_0
791;249493;120;6914;26;410;1_0_0
791;249493;120;6914;26;410;1_0_0
791;249493;120;6914;26;410;1_0_0
791;249493;120;6914;26;410;1_0_0
791;249493;120;6914;26;410;1_0_0
791;249493;120;6914;19;209;1_0_0
791;249493;120;6914;19;209;1_0_0
791;249493;120;6914;19;209;1_0_0
791;249493;120;6914;19;209;1_0_0
791;249493;120;6914;19;209;1_0_0
791;249493;120;6914;19;209;1_0_0
791;249493;120;6914;19;209;1_0_0
791;249493;120;6914;19;209;1_0_0
791;249493;120;6914;19;209;1_0_0
791;249493;120;6914;19;209;1_0_0
791;249493;12;122;19;209;1_0_0
791;249493;12;122;19;209;1_0_0
791;249493;12;122;19;209;1_0_0
38;682;12;122;19;209;0_0_0
38;682;12;122;19;209;0_0_0
38;682;12;122;19;209;0_0_0
38;682;12;122;19;209;0_0_0
38;682;12;122;19;209;0_0_0
38;682;12;122;19;209;0_0_0
38;682;12;122;15;77;0_0_0
38;682;12;122;15;77;0_0_0
38;682;12;122;15;77;0_0_0
38;682;12;122;15;77;0_0_0
38;682;12;122;15;77;0_0_0
38;682;12;122;15;77;0_0_0
38;682;12;122;15;77;0_0_0
38;682;12;122;15;77;0_0_0
38;682;12;122;15;77;0_0_0
38;682;12;122;15;77;0_0_0
38;682;20;138;15;77;0_0_0
38;682;20;138;15;77;0_0_0
38;682;20;138;15;77;0_0_0
38;682;20;138;15;77;0_0_0
30;404;20;138;15;77;0_0_0
30;404;20;138;15;77;0_0_0
30;404;20;138;15;77;0_0_0
30;404;20;138;15;77;0_0_0
30;404;20;138;15;77;0_0_0
30;404;20;138;16;90;0_0_0
30;404;20;138;16;90;0_0_0
30;404;20;138;16;90;0_0_0
30;404;20;138;16;90;0_0_0
30;404;20;138;16;90;0_0_0
30;404;20;138;16;90;0_0_0
30;404;20;138;16;90;0_0_0
30;404;20;138;16;90;0_0_0
30;404;20;138;16;90;0_0_0
30;404;20;138;16;90;0_0_0
30;404;16;110;16;90;0_0_0
30;404;16;110;16;90;0_0_0
30;404;16;110;16;90;0_0_0
30;404;16;110;16;90;0_0_0
23;243;16;110;16;90;0_0_0
23;243;16;110;16;90;0_0_0
23;243;16;110;16;90;0_0_0
23;243;16;110;16;90;0_0_0
23;243;16;110;16;90;0_0_0
23;243;16;110;24;198;0_0_0
23;243;16;110;24;198;0_0_0
23;243;16;110;24;198;0_0_0
23;243;16;110;24;198;0_0_0
23;243;16;110;24;198;0_0_0
23;243;16;110;24;198;0_0_0
23;243;16;110;24;198;0_0_0
23;243;16;110;24;198;0_0_0
23;243;16;110;24;198;0_0_0
23;243;98;4562;24;198;0_0_0
23;243;98;4562;24;198;0_0_0
23;243;98;4562;24;198;0_0_0
23;243;98;4562;24;198;0_0_0
23;243;98;4562;24;198;0_0_0
38;676;98;4562;24;198;0_0_0
38;676;98;4562;24;198;0_0_0
38;676;98;4562;24;198;0_0_0
38;676;98;4562;24;198;0_0_0
38;676;98;4562;24;198;0_0_0
38;676;98;4562;858;274574;0_0_1
38;676;98;4562;858;274574;0_0_1
38;676;98;4562;858;274574;0_0_1
38;676;98;4562;858;274574;0_0_1
38;676;98;4562;858;274574;0_0_1
38;676;98;4562;858;274574;0_0_1
38;676;98;4562;858;274574;0_0_1
38;676;98;4562;858;274574;0_0_1
38;676;98;4562;858;274574;0_0_1
38;676;109;5813;858;274574;0_0_1
38;676;109;5813;858;274574;0_0_1
38;676;109;5813;858;274574;0_0_1
38;676;109;5813;858;274574;0_0_1
38;676;109;5813;858;274574;0_0_1
41;771;109;5813;858;274574;0_0_1
41;771;109;5813;858;274574;0_0_1
41;771;109;5813;858;274574;0_0_1
41;771;109;5813;858;274574;0_0_1
41;771;109;5813;858;274574;0_0_1
41;771;109;5813;847;268141;0_0_1
41;771;109;5813;847;268141;0_0_1
41;771;109;5813;847;268141;0_0_1
41;771;109;5813;847;268141;0_0_1
41;771;109;5813;847;268141;0_0_1
41;771;109;5813;847;268141;0_0_1
41;771;109;5813;847;268141;0_0_1
41;771;109;5813;847;268141;0_0_1
41;771;109;5813;847;268141;0_0_1
41;771;109;5813;847;268141;0_0_1
41;771;117;6621;847;268141;0_0_1
41;771;117;6621;847;268141;0_0_1
41;771;117;6621;847;268141;0_0_1
41;771;117;6621;847;268141;0_0_1
39;773;117;6621;847;268141;0_0_1
39;773;117;6621;847;268141;0_0_1
39;773;117;6621;847;268141;0_0_1
39;773;117;6621;847;268141;0_0_1
39;773;117;6621;863;281237;0_0_1
39;773;117;6621;863;281237;0_0_1
39;773;117;6621;863;281237;0_0_1
39;773;117;6621;863;281237;0_0_1
39;773;117;6621;863;281237;0_0_1
39;773;117;6621;863;281237;0_0_1
39;773;117;6621;863;281237;0_0_1
39;773;117;6621;863;281237;0_0_1
39;773;117;6621;863;281237;0_0_1
39;773;117;6621;863;281237;0_0_1
39;773;242;41366;863;281237;0_1_1
39;773;242;41366;863;281237;0_1_1
39;773;242;41366;863;281237;0_1_1
39;773;242;41366;863;281237;0_1_1
78;4934;242;41366;863;281237;0_1_1
78;4934;242;41366;863;281237;0_1_1
78;4934;242;41366;863;281237;0_1_1
78;4934;242;41366;863;281237;0_1_1
78;4934;242;41366;884;307826;0_1_1
78;4934;242;41366;884;307826;0_1_1
78;4934;242;41366;884;307826;0_1_1
78;4934;242;41366;884;307826;0_1_1
78;4934;242;41366;884;307826;0_1_1
78;4934;242;41366;884;307826;0_1_1
78;4934;242;41366;884;307826;0_1_1
78;4934;242;41366;884;307826;0_1_1
78;4934;242;41366;884;307826;0_1_1
78;4934;242;41366;884;307826;0_1_1
78;4934;242;41366;884;307826;0_1_1
78;4934;245;41321;884;307826;0_1_1
78;4934;245;41321;884;307826;0_1_1
78;4934;245;41321;884;307826;0_1_1
78;4934;245;41321;884;307826;0_1_1
78;4934;245;41321;884;307826;0_1_1
100;7202;245;41321;884;307826;0_1_1
100;7202;245;41321;884;307826;0_1_1
100;7202;245;41321;884;307826;0_1_1
100;7202;245;41321;884;307826;0_1_1
100;7202;245;41321;894;314138;0_1_1
100;7202;245;41321;894;314138;0_1_1
100;7202;245;41321;894;314138;0_1_1
100;7202;245;41321;894;314138;0_1_1
100;7202;245;41321;894;314138;0_1_1
100;7202;245;41321;894;314138;0_1_1
100;7202;245;41321;894;314138;0_1_1
100;7202;245;41321;894;314138;0_1_1
100;7202;245;41321;894;314138;0_1_1
100;7202;245;41321;894;314138;0_1_1
100;7202;339;76635;894;314138;0_1_1
100;7202;339;76635;894;314138;0_1_1
100;7202;339;76635;894;314138;0_1_1
100;7202;339;76635;894;314138;0_1_1
100;7202;339;76635;894;314138;0_1_1
892;334274;339;76635;894;314138;1_1_1
892;334274;339;76635;894;314138;1_1_1
892;334274;339;76635;894;314138;1_1_1
892;334274;339;76635;894;314138;1_1_1
892;334274;339;76635;882;305294;1_1_1
892;334274;339;76635;882;305294;1_1_1
892;334274;339;76635;882;305294;1_1_1
892;334274;339;76635;882;305294;1_1_1
892;334274;339;76635;882;305294;1_1_1
892;334274;339;76635;882;305294;1_1_1
892;334274;339;76635;882;305294;1_1_1
892;334274;339;76635;882;305294;1_1_1
892;334274;339;76635;882;305294;1_1_1
892;334274;339;76635;882;305294;1_1_1
892;334274;351;83513;882;305294;1_1_1
892;334274;351;83513;882;305294;1_1_1
892;334274;351;83513;882;305294;1_1_1
892;334274;351;83513;882;305294;1_1_1
892;334274;351;83513;882;305294;1_1_1
868;317096;351;83513;882;305294;1_1_1
868;317096;351;83513;882;305294;1_1_1
868;317096;351;83513;882;305294;1_1_1
868;317096;351;83513;882;305294;1_1_1
868;317096;351;83513;119;5125;1_1_0
868;317096;351;83513;119;5125;1_1_0
868;317096;351;83513;119;5125;1_1_0
868;317096;351;83513;119;5125;1_1_0
868;317096;351;83513;119;5125;1_1_0
868;317096;351;83513;119;5125;1_1_0
868;317096;351;83513;119;5125;1_1_0
868;317096;351;83513;119;5125;1_1_0
868;317096;351;83513;119;5125;1_1_0
868;317096;351;83513;119;5125;1_1_0
868;317096;287;50851;119;5125;1_1_0
868;317096;287;50851;119;5125;1_1_0
868;317096;287;50851;119;5125;1_1_0
868;317096;287;50851;119;5125;1_1_0
868;317096;287;50851;119;5125;1_1_0
848;301160;287;50851;119;5125;1_1_0
848;301160;287;50851;119;5125;1_1_0
848;301160;287;50851;119;5125;1_1_0
848;301160;287;50851;119;5125;1_1_0
848;301160;287;50851;114;4806;1_1_0
848;301160;287;50851;114;4806;1_1_0
848;301160;287;50851;114;4806;1_1_0
848;301160;287;50851;114;4806;1_1_0
848;301160;287;50851;114;4806;1_1_0
848;301160;287;50851;114;4806;1_1_0
848;301160;287;50851;114;4806;1_1_0
848;301160;287;50851;114;4806;1_1_0
848;301160;287;50851;114;4806;1_1_0
848;301160;287;50851;114;4806;1_1_0
848;301160;287;50851;114;4806;1_1_0
848;301160;285;51057;114;4806;1_1_0
848;301160;285;51057;114;4806;1_1_0
848;301160;285;51057;114;4806;1_1_0
848;301160;285;51057;114;4806;1_1_0
862;311106;285;51057;114;4806;1_1_0
862;311106;285;51057;114;4806;1_1_0
862;311106;285;51057;114;4806;1_1_0
862;311106;285;51057;114;4806;1_1_0
862;311106;285;51057;98;3470;1_1_0
862;311106;285;51057;98;3470;1_1_0
862;311106;285;51057;98;3470;1_1_0
862;311106;285;51057;98;3470;1_1_0
862;311106;285;51057;98;3470;1_1_0
862;311106;285;51057;98;3470;1_1_0
862;311106;285;51057;98;3470;1_1_0
862;311106;285;51057;98;3470;1_1_0
862;311106;285;51057;98;3470;1_1_0
862;311106;285;51057;98;3470;1_1_0
862;311106;285;51057;98;3470;1_1_0
862;311106;112;6334;98;3470;1_0_0
862;311106;112;6334;98;3470;1_0_0
862;311106;112;6334;98;3470;1_0_0
858;296946;112;6334;98;3470;1_0_0
858;296946;112;6334;98;3470;1_0_0
858;296946;112;6334;98;3470;1_0_0
858;296946;112;6334;98;3470;1_0_0
858;296946;112;6334;32;514;1_0_0
858;296946;112;6334;32;514;1_0_0
858;296946;112;6334;32;514;1_0_0
858;296946;112;6334;32;514;1_0_0
858;296946;112;6334;32;514;1_0_0
858;296946;112;6334;32;514;1_0_0
858;296946;112;6334;32;514;1_0_0
858;296946;112;6334;32;514;1_0_0
858;296946;112;6334;32;514;1_0_0
858;296946;112;6334;32;514;1_0_0
858;296946;112;6334;32;514;1_0_0
858;296946;101;5117;32;514;1_0_0
858;296946;101;5117;32;514;1_0_0
858;296946;101;5117;32;514;1_0_0
858;296946;101;5117;32;514;1_0_0
858;296946;101;5117;32;514;1_0_0
774;235194;101;5117;32;514;1_0_0
774;235194;101;5117;32;514;1_0_0
774;235194;101;5117;32;514;1_0_0
774;235194;101;5117;32;514;1_0_0
774;235194;101;5117;25;373;1_0_0
774;235194;101;5117;25;373;1_0_0
774;235194;101;5117;25;373;1_0_0
774;235194;101;5117;25;373;1_0_0
774;235194;101;5117;25;373;1_0_0
774;235194;101;5117;25;373;1_0_0
774;235194;101;5117;25;373;1_0_0
774;235194;101;5117;25;373;1_0_0
774;235194;101;5117;25;373;1_0_0
774;235194;101;5117;25;373;1_0_0
774;235194;28;330;25;373;1_0_0
774;235194;28;330;25;373;1_0_0
774;235194;28;330;25;373;1_0_0
774;235194;28;330;25;373;1_0_0
774;235194;28;330;25;373;1_0_0
46;900;28;330;25;373;0_0_0
46;900;28;330;25;373;0_0_0
46;900;28;330;25;373;0_0_0
46;900;28;330;25;373;0_0_0
46;900;28;330;17;139;0_0_0
46;900;28;330;17;139;0_0_0
46;900;28;330;17;139;0_0_0
46;900;28;330;17;139;0_0_0
46;900;28;330;17;139;0_0_0
46;900;28;330;17;139;0_0_0
46;900;28;330;17;139;0_0_0
46;900;28;330;17;139;0_0_0
46;900;28;330;17;139;0_0_0
46;900;28;330;17;139;0_0_0
46;900;13;85;17;139;0_0_0
46;900;13;85;17;139;0_0_0
46;900;13;85;17;139;0_0_0
46;900;13;85;17;139;0_0_0
46;900;13;85;17;139;0_0_0
38;626;13;85;17;139;0_0_0
38;626;13;85;17;139;0_0_0
38;626;13;85;17;139;0_0_0
38;626;13;85;17;139;0_0_0
38;626;13;85;19;173;0_0_0
38;626;13;85;19;173;0_0_0
38;626;13;85;19;173;0_0_0
38;626;13;85;19;173;0_0_0
38;626;13;85;19;173;0_0_0
38;626;13;85;19;173;0_0_0
38;626;13;85;19;173;0_0_0
38;626;13;85;19;173;0_0_0
38;626;13;85;19;173;0_0_0
38;626;13;85;19;173;0_0_0
38;626;17;99;19;173;0_0_0
38;626;17;99;19;173;0_0_0
38;626;17;99;19;173;0_0_0
38;626;17;99;19;173;0_0_0
38;626;17;99;19;173;0_0_0
37;605;17;99;19;173;0_0_0
37;605;17;99;19;173;0_0_0
37;605;17;99;19;173;0_0_0
37;605;17;99;19;173;0_0_0
37;605;17;99;24;224;0_0_0
37;605;17;99;24;224;0_0_0
37;605;17;99;24;224;0_0_0
37;605;17;99;24;224;0_0_0
37;605;17;99;24;224;0_0_0
37;605;17;99;24;224;0_0_0
37;605;17;99;24;224;0_0_0
37;605;17;99;24;224;0_0_0
37;605;17;99;24;224;0_0_0
37;605;17;99;24;224;0_0_0
37;605;17;109;24;224;0_0_0
37;605;17;109;24;224;0_0_0
37;605;17;109;24;224;0_0_0
37;605;17;109;24;224;0_0_0
37;605;17;109;24;224;0_0_0
39;701;17;109;24;224;0_0_0
39;701;17;109;24;224;0_0_0
39;701;17;109;24;224;0_0_0
39;701;17;109;24;224;0_0_0
39;701;17;109;16;130;0_0_0
39;701;17;109;16;130;0_0_0
39;701;17;109;16;130;0_0_0
39;701;17;109;16;130;0_0_0
39;701;17;109;16;130;0_0_0
39;701;17;109;16;130;0_0_0
39;701;17;109;16;130;0_0_0
39;701;17;109;16;130;0_0_0
39;701;17;109;16;130;0_0_0
39;701;17;109;16;130;0_0_0
39;701;14;78;16;130;0_0_0
39;701;14;78;16;130;0_0_0
39;701;14;78;16;130;0_0_0
39;701;14;78;16;130;0_0_0
39;701;14;78;16;130;0_0_0
38;686;14;78;16;130;0_0_0
38;686;14;78;16;130;0_0_0
38;686;14;78;16;130;0_0_0
38;686;14;78;16;130;0_0_0
38;686;14;78;19;161;0_0_0
38;686;14;78;19;161;0_0_0
38;686;14;78;19;161;0_0_0
38;686;14;78;19;161;0_0_0
38;686;14;78;19;161;0_0_0
38;686;14;78;19;161;0_0_0
38;686;14;78;19;161;0_0_0
38;686;14;78;19;161;0_0_0
38;686;14;78;19;161;0_0_0
38;686;14;78;19;161;0_0_0
38;686;9;35;19;161;0_0_0
38;686;9;35;19;161;0_0_0
38;686;9;35;19;161;0_0_0
38;686;9;35;19;161;0_0_0
38;686;9;35;19;161;0_0_0
38;686;9;35;19;161;0_0_0
43;789;9;35;19;161;0_0_0
43;789;9;35;19;161;0_0_0
43;789;9;35;19;161;0_0_0
43;789;9;35;19;161;0_0_0
43;789;9;35;23;201;0_0_0
43;789;9;35;23;201;0_0_0
43;789;9;35;23;201;0_0_0
43;789;9;35;23;201;0_0_0
43;789;9;35;23;201;0_0_0
43;789;9;35;23;201;0_0_0
43;789;9;35;23;201;0_0_0
43;789;9;35;23;201;0_0_0
43;789;9;35;23;201;0_0_0
43;789;21;147;23;201;0_0_0
43;789;21;147;23;201;0_0_0
43;789;21;147;23;201;0_0_0
43;789;21;147;23;201;0_0_0
43;789;21;147;23;201;0_0_0
43;789;21;147;23;201;0_0_0
39;665;21;147;23;201;0_0_0
39;665;21;147;23;201;0_0_0
39;665;21;147;23;201;0_0_0
39;665;21;147;23;201;0_0_0
39;665;21;147;27;341;0_0_0
39;665;21;147;27;341;0_0_0
39;665;21;147;27;341;0_0_0
39;665;21;147;27;341;0_0_0
39;665;21;147;27;341;0_0_0
39;665;21;147;27;341;0_0_0
39;665;21;147;27;341;0_0_0
39;665;21;147;27;341;0_0_0
39;665;19;149;27;341;0_0_0
39;665;19;149;27;341;0_0_0
39;665;19;149;27;341;0_0_0
39;665;19;149;27;341;0_0_0
39;665;19;149;27;341;0_0_0
39;665;19;149;27;341;0_0_0
39;659;19;149;27;341;0_0_0
39;659;19;149;27;341;0_0_0
39;659;19;149;27;341;0_0_0
39;659;19;149;27;341;0_0_0
39;659;19;149;27;341;0_0_0
39;659;19;149;30;362;0_0_0
39;659;19;149;30;362;0_0_0
39;659;19;149;30;362;0_0_0
39;659;19;149;30;362;0_0_0
39;659;19;149;30;362;0_0_0
39;659;19;149;30;362;0_0_0
39;659;19;149;30;362;0_0_0
39;659;19;149;30;362;0_0_0
39;659;16;114;30;362;0_0_0
39;659;16;114;30;362;0_0_0
39;659;16;114;30;362;0_0_0
39;659;16;114;30;362;0_0_0
39;659;16;114;30;362;0_0_0
41;731;16;114;30;362;0_0_0
41;731;16;114;30;362;0_0_0
41;731;16;114;30;362;0_0_0
41;731;16;114;30;362;0_0_0
41;731;16;114;30;362;0_0_0
41;731;16;114;30;362;0_0_0
41;731;16;114;29;341;0_0_0
41;731;16;114;29;341;0_0_0
41;731;16;114;29;341;0_0_0
41;731;16;114;29;341;0_0_0
41;731;16;114;29;341;0_0_0
41;731;16;114;29;341;0_0_0
41;731;16;114;29;341;0_0_0
41;731;16;114;29;341;0_0_0
41;731;16;114;29;341;0_0_0
41;731;18;116;29;341;0_0_0
41;731;18;116;29;341;0_0_0
41;731;18;116;29;341;0_0_0
37;589;18;116;29;341;0_0_0
37;589;18;116;29;341;0_0_0
37;589;18;116;29;341;0_0_0
37;589;18;116;29;341;0_0_0
37;589;18;116;29;341;0_0_0
37;589;18;116;29;341;0_0_0
37;589;18;116;26;314;0_0_0
37;589;18;116;26;314;0_0_0
37;589;18;116;26;314;0_0_0
37;589;18;116;26;314;0_0_0
37;589;18;116;26;314;0_0_0
37;589;18;116;26;314;0_0_0
37;589;18;116;26;314;0_0_0
37;589;18;116;26;314;0_0_0
37;589;18;116;26;314;0_0_0
37;589;18;116;26;314;0_0_0
37;589;16;88;26;314;0_0_0
37;589;16;88;26;314;0_0_0
37;589;16;88;26;314;0_0_0
38;724;16;88;26;314;0_0_0
38;724;16;88;26;314;0_0_0
38;724;16;88;26;314;0_0_0
38;724;16;88;26;314;0_0_0
38;724;16;88;26;314;0_0_0
38;724;16;88;26;314;0_0_0
24;194;18;146;9;29;0_0_0
24;194;18;146;9;29;0_0_0
24;194;19;149;9;29;0_0_0
24;194;19;149;9;29;0_0_0
24;194;19;149;9;29;0_0_0
24;194;19;149;9;29;0_0_0
24;194;19;149;9;29;0_0_0
24;194;19;149;9;29;0_0_0
24;194;19;149;9;29;0_0_0
24;194;19;149;9;29;0_0_0
22;166;19;149;9;29;0_0_0
22;166;19;149;9;29;0_0_0
22;166;19;149;9;29;0_0_0
22;166;19;149;44;1190;0_0_0
22;166;19;149;44;1190;0_0_0
22;166;19;149;44;1190;0_0_0
22;166;19;149;44;1190;0_0_0
22;166;19;149;44;1190;0_0_0
22;166;19;149;44;1190;0_0_0
22;166;19;149;44;1190;0_0_0
22;166;19;149;44;1190;0_0_0
22;166;25;209;44;1190;0_0_0
22;166;25;209;44;1190;0_0_0
22;166;25;209;44;1190;0_0_0
22;166;25;209;44;1190;0_0_0
22;166;25;209;44;1190;0_0_0
22;166;25;209;44;1190;0_0_0
22;166;25;209;44;1190;0_0_0
22;166;25;209;44;1190;0_0_0
22;166;25;209;44;1190;0_0_0
22;164;25;209;44;1190;0_0_0
22;164;25;209;44;1190;0_0_0
22;164;25;209;47;1427;0_0_0
22;164;25;209;47;1427;0_0_0
22;164;25;209;47;1427;0_0_0
22;164;25;209;47;1427;0_0_0
22;164;25;209;47;1427;0_0_0
22;164;25;209;47;1427;0_0_0
22;164;25;209;47;1427;0_0_0
22;164;25;209;47;1427;0_0_0
22;164;22;190;47;1427;0_0_0
22;164;22;190;47;1427;0_0_0
22;164;22;190;47;1427;0_0_0
22;164;22;190;47;1427;0_0_0
22;164;22;190;47;1427;0_0_0
22;164;22;190;47;1427;0_0_0
22;164;22;190;47;1427;0_0_0
22;164;22;190;47;1427;0_0_0
22;164;22;190;47;1427;0_0_0
29;341;22;190;47;1427;0_0_0
29;341;22;190;47;1427;0_0_0
29;341;22;190;58;1794;0_0_0
29;341;22;190;58;1794;0_0_0
29;341;22;190;58;1794;0_0_0
29;341;22;190;58;1794;0_0_0
29;341;22;190;58;1794;0_0_0
29;341;22;190;58;1794;0_0_0
29;341;22;190;58;1794;0_0_0
29;341;22;190;58;1794;0_0_0
29;341;3220;4052206;58;1794;0_1_0
29;341;3220;4052206;58;1794;0_1_0
29;341;3220;4052206;58;1794;0_1_0
29;341;3220;4052206;58;1794;0_1_0
29;341;3220;4052206;58;1794;0_1_0
29;341;3220;4052206;58;1794;0_1_0
29;341;3220;4052206;58;1794;0_1_0
29;341;3220;4052206;58;1794;0_1_0
29;341;3220;4052206;58;1794;0_1_0
127;5505;3220;4052206;58;1794;0_1_0
127;5505;3220;4052206;58;1794;0_1_0
127;5505;3220;4052206;130;7956;0_1_0
127;5505;3220;4052206;130;7956;0_1_0
127;5505;3220;4052206;130;7956;0_1_0
127;5505;3220;4052206;130;7956;0_1_0
127;5505;3220;4052206;130;7956;0_1_0
127;5505;3220;4052206;130;7956;0_1_0
127;5505;3220;4052206;130;7956;0_1_0
127;5505;3248;4070136;130;7956;0_1_0
127;5505;3248;4070136;130;7956;0_1_0
127;5505;3248;4070136;130;7956;0_1_0
127;5505;3248;4070136;130;7956;0_1_0
127;5505;3248;4070136;130;7956;0_1_0
127;5505;3248;4070136;130;7956;0_1_0
127;5505;3248;4070136;130;7956;0_1_0
127;5505;3248;4070136;130;7956;0_1_0
127;5505;3248;4070136;130;7956;0_1_0
127;5505;3248;4070136;130;7956;0_1_0
135;6233;3248;4070136;130;7956;0_1_0
135;6233;3248;4070136;130;7956;0_1_0
135;6233;3248;4070136;137;8189;0_1_0
135;6233;3248;4070136;137;8189;0_1_0
135;6233;3248;4070136;137;8189;0_1_0
135;6233;3248;4070136;137;8189;0_1_0
135;6233;3248;4070136;137;8189;0_1_0
135;6233;3248;4070136;137;8189;0_1_0
135;6233;3248;4070136;137;8189;0_1_0
135;6233;3221;4106909;137;8189;0_1_0
135;6233;3221;4106909;137;8189;0_1_0
135;6233;3221;4106909;137;8189;0_1_0
135;6233;3221;4106909;137;8189;0_1_0
135;6233;3221;4106909;137;8189;0_1_0
135;6233;3221;4106909;137;8189;0_1_0
135;6233;3221;4106909;137;8189;0_1_0
135;6233;3221;4106909;137;8189;0_1_0
135;6233;3221;4106909;137;8189;0_1_0
135;6233;3221;4106909;137;8189;0_1_0
587;183997;3221;4106909;137;8189;1_1_0
587;183997;3221;4106909;137;8189;1_1_0
587;183997;3221;4106909;137;8189;1_1_0
587;183997;3221;4106909;134;8238;1_1_0
587;183997;3221;4106909;134;8238;1_1_0
587;183997;3221;4106909;134;8238;1_1_0
587;183997;3221;4106909;134;8238;1_1_0
587;183997;3221;4106909;134;8238;1_1_0
587;183997;3221;4106909;134;8238;1_1_0
587;183997;3221;4106909;134;8238;1_1_0
587;183997;3225;4118561;134;8238;1_1_0
587;183997;3225;4118561;134;8238;1_1_0
587;183997;3225;4118561;134;8238;1_1_0
587;183997;3225;4118561;134;8238;1_1_0
587;183997;3225;4118561;134;8238;1_1_0
587;183997;3225;4118561;134;8238;1_1_0
587;183997;3225;4118561;134;8238;1_1_0
587;183997;3225;4118561;134;8238;1_1_0
587;183997;3225;4118561;134;8238;1_1_0
591;191933;3225;4118561;134;8238;1_1_0
591;191933;3225;4118561;311;39193;1_1_1
591;191933;3225;4118561;311;39193;1_1_1
591;191933;3225;4118561;311;39193;1_1_1
591;191933;3225;4118561;311;39193;1_1_1
591;191933;3225;4118561;311;39193;1_1_1
591;191933;3225;4118561;311;39193;1_1_1
591;191933;3225;4118561;311;39193;1_1_1
591;191933;3225;4118561;311;39193;1_1_1
591;191933;3225;4118561;311;39193;1_1_1
591;191933;3158;3936034;311;39193;1_1_1
591;191933;3158;3936034;311;39193;1_1_1
591;191933;3158;3936034;311;39193;1_1_1
591;191933;3158;3936034;311;39193;1_1_1
591;191933;3158;3936034;311;39193;1_1_1
591;191933;3158;3936034;311;39193;1_1_1
591;191933;3158;3936034;311;39193;1_1_1
591;191933;3158;3936034;311;39193;1_1_1
591;191933;3158;3936034;311;39193;1_1_1
594;195054;3158;3936034;311;39193;1_1_1
594;195054;3158;3936034;312;38664;1_1_1
594;195054;3158;3936034;312;38664;1_1_1
594;195054;3158;3936034;312;38664;1_1_1
594;195054;3158;3936034;312;38664;1_1_1
594;195054;3158;3936034;312;38664;1_1_1
594;195054;3158;3936034;312;38664;1_1_1
594;195054;3158;3936034;312;38664;1_1_1
594;195054;3158;3936034;312;38664;1_1_1
594;195054;3158;3936034;312;38664;1_1_1
594;195054;564;106254;312;38664;1_1_1
594;195054;564;106254;312;38664;1_1_1
594;195054;564;106254;312;38664;1_1_1
594;195054;564;106254;312;38664;1_1_1
594;195054;564;106254;312;38664;1_1_1
594;195054;564;106254;312;38664;1_1_1
594;195054;564;106254;312;38664;1_1_1
594;195054;564;106254;312;38664;1_1_1
594;195054;564;106254;312;38664;1_1_1
594;195054;564;106254;218;22070;1_1_1
513;154259;564;106254;218;22070;1_1_1
513;154259;564;106254;218;22070;1_1_1
513;154259;564;106254;218;22070;1_1_1
513;154259;564;106254;218;22070;1_1_1
513;154259;564;106254;218;22070;1_1_1
513;154259;564;106254;218;22070;1_1_1
513;154259;564;106254;218;22070;1_1_1
513;154259;564;106254;218;22070;1_1_1
513;154259;564;106254;218;22070;1_1_1
513;154259;136;13674;218;22070;1_0_1
513;154259;136;13674;218;22070;1_0_1
513;154259;136;13674;218;22070;1_0_1
513;154259;136;13674;218;22070;1_0_1
513;154259;136;13674;218;22070;1_0_1
513;154259;136;13674;218;22070;1_0_1
513;154259;136;13674;218;22070;1_0_1
513;154259;136;13674;218;22070;1_0_1
513;154259;136;13674;218;22070;1_0_1
513;154259;136;13674;220;21718;1_0_1
569;182659;136;13674;220;21718;1_0_1
569;182659;136;13674;220;21718;1_0_1
569;182659;136;13674;220;21718;1_0_1
569;182659;136;13674;220;21718;1_0_1
569;182659;136;13674;220;21718;1_0_1
569;182659;136;13674;220;21718;1_0_1
569;182659;136;13674;220;21718;1_0_1
569;182659;136;13674;220;21718;1_0_1
569;182659;136;13674;220;21718;1_0_1
569;182659;137;13273;220;21718;1_0_1
569;182659;137;13273;220;21718;1_0_1
569;182659;137;13273;220;21718;1_0_1
569;182659;137;13273;220;21718;1_0_1
569;182659;137;13273;220;21718;1_0_1
569;182659;137;13273;220;21718;1_0_1
569;182659;137;13273;220;21718;1_0_1
569;182659;137;13273;220;21718;1_0_1
569;182659;137;13273;220;21718;1_0_1
569;182659;137;13273;221;19829;1_0_1
207;23885;137;13273;221;19829;1_0_1
207;23885;137;13273;221;19829;1_0_1
207;23885;137;13273;221;19829;1_0_1
207;23885;137;13273;221;19829;1_0_1
207;23885;137;13273;221;19829;1_0_1
207;23885;137;13273;221;19829;1_0_1
207;23885;137;13273;221;19829;1_0_1
207;23885;137;13273;221;19829;1_0_1
207;23885;137;13273;221;19829;1_0_1
207;23885;63;2877;221;19829;1_0_1
207;23885;63;2877;221;19829;1_0_1
207;23885;63;2877;221;19829;1_0_1
207;23885;63;2877;221;19829;1_0_1
207;23885;63;2877;221;19829;1_0_1
207;23885;63;2877;221;19829;1_0_1
207;23885;63;2877;221;19829;1_0_1
207;23885;63;2877;221;19829;1_0_1
207;23885;63;2877;221;19829;1_0_1
207;23885;63;2877;221;19829;1_0_1
24;206;63;2877;221;19149;0_0_1
24;206;63;2877;221;19149;0_0_1
24;206;63;2877;221;19149;0_0_1
24;206;63;2877;221;19149;0_0_1
24;206;63;2877;221;19149;0_0_1
24;206;63;2877;221;19149;0_0_1
24;206;63;2877;221;19149;0_0_1
24;206;63;2877;221;19149;0_0_1
24;206;63;2877;221;19149;0_0_1
24;206;63;2877;221;19149;0_0_1
24;206;67;2613;221;19149;0_0_1
24;206;67;2613;221;19149;0_0_1
24;206;67;2613;221;19149;0_0_1
24;206;67;2613;221;19149;0_0_1
24;206;67;2613;221;19149;0_0_1
24;206;67;2613;221;19149;0_0_1
24;206;67;2613;221;19149;0_0_1
24;206;67;2613;221;19149;0_0_1
24;206;67;2613;215;17989;0_0_1
19;149;67;2613;215;17989;0_0_1
19;149;67;2613;215;17989;0_0_1
19;149;67;2613;215;17989;0_0_1
19;149;67;2613;215;17989;0_0_1
19;149;67;2613;215;17989;0_0_1
19;149;67;2613;215;17989;0_0_1
19;149;67;2613;215;17989;0_0_1
19;149;67;2613;215;17989;0_0_1
19;149;67;2613;215;17989;0_0_1
19;149;67;2613;215;17989;0_0_1
19;149;18;212;215;17989;0_0_1
19;149;18;212;215;17989;0_0_1
19;149;18;212;215;17989;0_0_1
19;149;18;212;215;17989;0_0_1
19;149;18;212;215;17989;0_0_1
19;149;18;212;215;17989;0_0_1
19;149;18;212;123;8219;0_0_0
19;149;18;212;123;8219;0_0_0
19;149;18;212;123;8219;0_0_0
22;166;18;212;123;8219;0_0_0
22;166;18;212;123;8219;0_0_0
22;166;18;212;123;8219;0_0_0
22;166;18;212;123;8219;0_0_0
22;166;18;212;123;8219;0_0_0
22;166;18;212;123;8219;0_0_0
22;166;18;212;123;8219;0_0_0
22;166;18;212;123;8219;0_0_0
22;166;18;212;123;8219;0_0_0
22;166;18;212;123;8219;0_0_0
22;166;25;211;123;8219;0_0_0
22;166;25;211;123;8219;0_0_0
22;166;25;211;123;8219;0_0_0
22;166;25;211;123;8219;0_0_0
22;166;25;211;123;8219;0_0_0
22;166;25;211;123;8219;0_0_0
22;166;25;211;124;8534;0_0_0
22;166;25;211;124;8534;0_0_0
22;166;25;211;124;8534;0_0_0
22;166;25;211;124;8534;0_0_0
21;165;25;211;124;8534;0_0_0
21;165;25;211;124;8534;0_0_0
21;165;25;211;124;8534;0_0_0
21;165;25;211;124;8534;0_0_0
21;165;25;211;124;8534;0_0_0
21;165;25;211;124;8534;0_0_0
21;165;25;211;124;8534;0_0_0
21;165;25;211;124;8534;0_0_0
21;165;25;211;124;8534;0_0_0
21;165;12;74;124;8534;0_0_0
21;165;12;74;124;8534;0_0_0
21;165;12;74;124;8534;0_0_0
21;165;12;74;124;8534;0_0_0
21;165;12;74;124;8534;0_0_0
21;165;12;74;124;8534;0_0_0
21;165;12;74;102;4662;0_0_0
21;165;12;74;102;4662;0_0_0
21;165;12;74;102;4662;0_0_0
21;165;12;74;102;4662;0_0_0
21;155;12;74;102;4662;0_0_0
21;155;12;74;102;4662;0_0_0
21;155;12;74;102;4662;0_0_0
21;155;12;74;102;4662;0_0_0
21;155;12;74;102;4662;0_0_0
21;155;12;74;102;4662;0_0_0
21;155;12;74;102;4662;0_0_0
21;155;12;74;102;4662;0_0_0
21;155;12;74;102;4662;0_0_0
21;155;53;1669;102;4662;0_0_0
21;155;53;1669;102;4662;0_0_0
21;155;53;1669;102;4662;0_0_0
21;155;53;1669;102;4662;0_0_0
21;155;53;1669;102;4662;0_0_0
21;155;53;1669;102;4662;0_0_0
21;155;53;1669;151;9171;0_0_1
21;155;53;1669;151;9171;0_0_1
21;155;53;1669;151;9171;0_0_1
21;155;53;1669;151;9171;0_0_1
57;1667;53;1669;151;9171;0_0_1
57;1667;53;1669;151;9171;0_0_1
57;1667;53;1669;151;9171;0_0_1
57;1667;53;1669;151;9171;0_0_1
57;1667;53;1669;151;9171;0_0_1
57;1667;53;1669;151;9171;0_0_1
57;1667;53;1669;151;9171;0_0_1
57;1667;53;1669;151;9171;0_0_1
57;1667;537;100115;151;9171;0_1_1
57;1667;537;100115;151;9171;0_1_1
57;1667;537;100115;151;9171;0_1_1
57;1667;537;100115;151;9171;0_1_1
57;1667;537;100115;151;9171;0_1_1
57;1667;537;100115;151;9171;0_1_1
57;1667;537;100115;151;9171;0_1_1
57;1667;537;100115;151;9171;0_1_1
57;1667;537;100115;157;9817;0_1_1
57;1667;537;100115;157;9817;0_1_1
57;1667;537;100115;157;9817;0_1_1
87;3245;537;100115;157;9817;0_1_1
87;3245;537;100115;157;9817;0_1_1
87;3245;537;100115;157;9817;0_1_1
87;3245;537;100115;157;9817;0_1_1
87;3245;537;100115;157;9817;0_1_1
87;3245;537;100115;157;9817;0_1_1
87;3245;537;100115;157;9817;0_1_1
87;3245;537;100115;157;9817;0_1_1
87;3245;537;100115;157;9817;0_1_1
87;3245;532;97394;157;9817;0_1_1
87;3245;532;97394;157;9817;0_1_1
87;3245;532;97394;157;9817;0_1_1
87;3245;532;97394;157;9817;0_1_1
87;3245;532;97394;157;9817;0_1_1
87;3245;532;97394;157;9817;0_1_1
87;3245;532;97394;157;9817;0_1_1
87;3245;532;97394;166;11108;0_1_1
87;3245;532;97394;166;11108;0_1_1
87;3245;532;97394;166;11108;0_1_1
135;8037;532;97394;166;11108;1_1_1
135;8037;532;97394;166;11108;1_1_1
135;8037;532;97394;166;11108;1_1_1
135;8037;532;97394;166;11108;1_1_1
135;8037;532;97394;166;11108;1_1_1
135;8037;532;97394;166;11108;1_1_1
135;8037;532;97394;166;11108;1_1_1
135;8037;532;97394;166;11108;1_1_1
135;8037;532;97394;166;11108;1_1_1
135;8037;568;109240;166;11108;1_1_1
135;8037;568;109240;166;11108;1_1_1
135;8037;568;109240;166;11108;1_1_1
135;8037;568;109240;166;11108;1_1_1
135;8037;568;109240;166;11108;1_1_1
135;8037;568;109240;166;11108;1_1_1
135;8037;568;109240;166;11108;1_1_1
135;8037;568;109240;158;12342;1_1_1
135;8037;568;109240;158;12342;1_1_1
135;8037;568;109240;158;12342;1_1_1
202;24466;568;109240;158;12342;1_1_1
202;24466;568;109240;158;12342;1_1_1
202;24466;568;109240;158;12342;1_1_1
202;24466;568;109240;158;12342;1_1_1
202;24466;568;109240;158;12342;1_1_1
202;24466;568;109240;158;12342;1_1_1
202;24466;568;109240;158;12342;1_1_1
202;24466;568;109240;158;12342;1_1_1
202;24466;568;109240;158;12342;1_1_1
202;24466;544;102294;158;12342;1_1_1
202;24466;544;102294;158;12342;1_1_1
202;24466;544;102294;158;12342;1_1_1
202;24466;544;102294;158;12342;1_1_1
202;24466;544;102294;158;12342;1_1_1
202;24466;544;102294;158;12342;1_1_1
202;24466;544;102294;158;12342;1_1_1
202;24466;544;102294;160;12726;1_1_1
202;24466;544;102294;160;12726;1_1_1
202;24466;544;102294;160;12726;1_1_1
202;24466;544;102294;160;12726;1_1_1
196;22958;544;102294;160;12726;1_1_1
196;22958;544;102294;160;12726;1_1_1
196;22958;544;102294;160;12726;1_1_1
196;22958;544;102294;160;12726;1_1_1
196;22958;544;102294;160;12726;1_1_1
196;22958;544;102294;160;12726;1_1_1
196;22958;544;102294;160;12726;1_1_1
196;22958;79;3785;160;12726;1_0_1
196;22958;79;3785;160;12726;1_0_1
196;22958;79;3785;160;12726;1_0_1
196;22958;79;3785;160;12726;1_0_1
196;22958;79;3785;160;12726;1_0_1
196;22958;79;3785;160;12726;1_0_1
196;22958;79;3785;160;12726;1_0_1
196;22958;79;3785;160;12726;1_0_1
196;22958;79;3785;136;11666;1_0_1
196;22958;79;3785;136;11666;1_0_1
196;22958;79;3785;136;11666;1_0_1
196;22958;79;3785;136;11666;1_0_1
142;11454;79;3785;136;11666;1_0_1
142;11454;79;3785;136;11666;1_0_1
142;11454;79;3785;136;11666;1_0_1
142;11454;79;3785;136;11666;1_0_1
142;11454;79;3785;136;11666;1_0_1
142;11454;79;3785;136;11666;1_0_1
142;11454;79;3785;136;11666;1_0_1
142;11454;85;3323;136;11666;1_0_1
142;11454;85;3323;136;11666;1_0_1
142;11454;85;3323;136;11666;1_0_1
142;11454;85;3323;136;11666;1_0_1
142;11454;85;3323;136;11666;1_0_1
142;11454;85;3323;136;11666;1_0_1
142;11454;85;3323;136;11666;1_0_1
142;11454;85;3323;136;11666;1_0_1
142;11454;85;3323;148;12802;1_0_1
142;11454;85;3323;148;12802;1_0_1
142;11454;85;3323;148;12802;1_0_1
142;11454;85;3323;148;12802;0_0_1
74;1938;85;3323;148;12802;0_0_1
74;1938;85;3323;148;12802;0_0_1
74;1938;85;3323;148;12802;0_0_1
74;1938;85;3323;148;12802;0_0_1
74;1938;85;3323;148;12802;0_0_1
74;1938;85;3323;148;12802;0_0_1
74;1938;85;3323;148;12802;0_0_1
74;1938;34;436;148;12802;0_0_1
74;1938;34;436;148;12802;0_0_1
74;1938;34;436;148;12802;0_0_1
74;1938;34;436;148;12802;0_0_1
74;1938;34;436;148;12802;0_0_1
74;1938;34;436;148;12802;0_0_1
74;1938;34;436;148;12802;0_0_1
74;1938;34;436;148;12802;0_0_1
74;1938;34;436;156;14454;0_0_1
74;1938;34;436;156;14454;0_0_1
74;1938;34;436;156;14454;0_0_1
74;1938;34;436;156;14454;0_0_1
19;139;34;436;156;14454;0_0_1
19;139;34;436;156;14454;0_0_1
19;139;34;436;156;14454;0_0_1
19;139;34;436;156;14454;0_0_1
19;139;34;436;156;14454;0_0_1
19;139;34;436;156;14454;0_0_1
19;139;34;436;156;14454;0_0_1
19;139;34;436;156;14454;0_0_1
19;139;44;856;156;14454;0_0_1
19;139;44;856;156;14454;0_0_1
19;139;44;856;156;14454;0_0_1
19;139;44;856;156;14454;0_0_1
19;139;44;856;156;14454;0_0_1
19;139;44;856;156;14454;0_0_1
10;66;9;35;10;38;0_0_0
10;66;9;35;10;38;0_0_0
10;66;9;35;10;38;0_0_0
10;66;9;35;10;38;0_0_0
10;66;9;35;10;38;0_0_0
21;153;9;35;10;38;0_0_0
21;153;12;62;10;38;0_0_0
21;153;12;62;10;38;0_0_0
21;153;12;62;10;38;0_0_0
21;153;12;62;10;38;0_0_0
21;153;12;62;10;38;0_0_0
21;153;12;62;10;38;0_0_0
21;153;12;62;10;38;0_0_0
21;153;12;62;10;38;0_0_0
21;153;12;62;10;38;0_0_0
21;153;12;62;10;38;0_0_0
21;153;12;62;10;38;0_0_0
21;153;12;62;60;1274;0_0_0
21;153;12;62;60;1274;0_0_0
21;153;12;62;60;1274;0_0_0
21;153;12;62;60;1274;0_0_0
21;153;12;62;60;1274;0_0_0
21;153;12;62;60;1274;0_0_0
21;153;12;62;60;1274;0_0_0
102;3692;353;46091;60;1274;0_1_0
102;3692;353;46091;60;1274;0_1_0
102;3692;353;46091;60;1274;0_1_0
102;3692;353;46091;60;1274;0_1_0
102;3692;353;46091;60;1274;0_1_0
102;3692;353;46091;60;1274;0_1_0
102;3692;353;46091;60;1274;0_1_0
102;3692;353;46091;60;1274;0_1_0
102;3692;353;46091;60;1274;0_1_0
102;3692;353;46091;60;1274;0_1_0
102;3692;353;46091;60;1274;0_1_0
102;3692;353;46091;60;1274;0_1_0
102;3692;353;46091;94;2958;0_1_0
102;3692;353;46091;94;2958;0_1_0
102;3692;353;46091;94;2958;0_1_0
19;145;5;17;4;10;0_0_0
19;145;13;65;4;10;0_0_0
19;145;13;65;4;10;0_0_0
19;145;13;65;4;10;0_0_0
19;145;13;65;4;10;0_0_0
19;145;13;65;4;10;0_0_0
19;145;13;65;4;10;0_0_0
19;145;13;65;4;10;0_0_0
19;145;13;65;4;10;0_0_0
19;145;13;65;4;10;0_0_0
19;145;13;65;4;10;0_0_0
19;145;13;65;4;10;0_0_0
19;145;13;65;4;10;0_0_0
19;145;13;65;4;10;0_0_0
19;145;13;65;7;17;0_0_0
19;145;13;65;7;17;0_0_0
19;145;13;65;7;17;0_0_0
19;145;13;65;7;17;0_0_0
19;145;13;65;7;17;0_0_0
33;377;13;65;7;17;0_0_0
33;377;63;1635;7;17;0_0_0
33;377;63;1635;7;17;0_0_0
33;377;63;1635;7;17;0_0_0
33;377;63;1635;7;17;0_0_0
33;377;63;1635;7;17;0_0_0
33;377;63;1635;7;17;0_0_0
33;377;63;1635;7;17;0_0_0
33;377;63;1635;7;17;0_0_0
33;377;63;1635;7;17;0_0_0
33;377;63;1635;7;17;0_0_0
33;377;63;1635;7;17;0_0_0
33;377;63;1635;7;17;0_0_0
33;377;63;1635;7;17;0_0_0
33;377;63;1635;93;3041;0_0_0
33;377;63;1635;93;3041;0_0_0
33;377;63;1635;93;3041;0_0_0
33;377;63;1635;93;3041;0_0_0
33;377;63;1635;93;3041;0_0_0
125;5489;63;1635;93;3041;0_0_0
125;5489;453;70739;93;3041;0_1_0
125;5489;453;70739;93;3041;0_1_0
125;5489;453;70739;93;3041;0_1_0
125;5489;453;70739;93;3041;0_1_0
125;5489;453;70739;93;3041;0_1_0
125;5489;453;70739;93;3041;0_1_0
125;5489;453;70739;93;3041;0_1_0
21;209;5;11;14;66;0_0_0
21;209;5;11;12;48;0_0_0
21;209;5;11;12;48;0_0_0
21;209;5;11;12;48;0_0_0
26;314;5;11;12;48;0_0_0
26;314;5;11;12;48;0_0_0
26;314;5;11;12;48;0_0_0
26;314;5;11;12;48;0_0_0
26;314;12;72;12;48;0_0_0
26;314;12;72;12;48;0_0_0
26;314;12;72;12;48;0_0_0
26;314;12;72;12;48;0_0_0
26;314;12;72;12;48;0_0_0
26;314;12;72;12;48;0_0_0
26;314;12;72;12;48;0_0_0
26;314;12;72;12;48;0_0_0
26;314;12;72;12;48;0_0_0
26;314;12;72;12;48;0_0_0
26;314;12;72;12;48;0_0_0
26;314;12;72;10;42;0_0_0
26;314;12;72;10;42;0_0_0
26;314;12;72;10;42;0_0_0
45;683;12;72;10;42;0_0_0
45;683;12;72;10;42;0_0_0
45;683;12;72;10;42;0_0_0
45;683;12;72;10;42;0_0_0
45;683;103;4449;10;42;0_1_0
45;683;103;4449;10;42;0_1_0
45;683;103;4449;10;42;0_1_0
45;683;103;4449;10;42;0_1_0
45;683;103;4449;10;42;0_1_0
45;683;103;4449;10;42;0_1_0
45;683;103;4449;10;42;0_1_0
45;683;103;4449;10;42;0_1_0
45;683;103;4449;10;42;0_1_0
45;683;103;4449;10;42;0_1_0
45;683;103;4449;10;42;0_1_0
45;683;103;4449;10;42;0_1_0
45;683;103;4449;126;5426;0_1_0
24;278;13;59;6;26;0_0_0
24;278;13;59;6;26;0_0_0
24;278;13;59;6;26;0_0_0
24;278;13;59;6;26;0_0_0
24;278;13;59;6;26;0_0_0
24;278;13;59;6;26;0_0_0
24;278;13;59;6;26;0_0_0
24;278;13;59;6;26;0_0_0
24;278;13;59;6;26;0_0_0
24;278;13;59;6;26;0_0_0
24;278;13;59;17;115;0_0_0
24;278;13;59;17;115;0_0_0
24;278;13;59;17;115;0_0_0
24;278;13;59;17;115;0_0_0
24;278;13;59;17;115;0_0_0
24;278;13;59;17;115;0_0_0
28;344;13;59;17;115;0_0_0
28;344;7;19;17;115;0_0_0
28;344;7;19;17;115;0_0_0
28;344;7;19;17;115;0_0_0
28;344;7;19;17;115;0_0_0
28;344;7;19;17;115;0_0_0
28;344;7;19;17;115;0_0_0
28;344;7;19;17;115;0_0_0
28;344;7;19;17;115;0_0_0
28;344;7;19;17;115;0_0_0
28;344;7;19;17;115;0_0_0
28;344;7;19;17;115;0_0_0
28;344;7;19;17;115;0_0_0
28;344;7;19;210;15812;0_0_0
28;344;7;19;210;15812;0_0_0
28;344;7;19;210;15812;0_0_0
28;344;7;19;210;15812;0_0_0
28;344;7;19;210;15812;0_0_0
28;344;7;19;210;15812;0_0_0
28;344;7;19;210;15812;0_0_0
55;1659;146;7418;210;15812;0_0_0
55;1659;146;7418;210;15812;0_0_0
55;1659;146;7418;210;15812;0_0_0
55;1659;146;7418;210;15812;0_0_0
55;1659;146;7418;210;15812;0_0_0
55;1659;146;7418;210;15812;0_0_0
55;1659;146;7418;210;15812;0_0_0
55;1659;146;7418;210;15812;0_0_0
55;1659;146;7418;210;15812;0_0_0
55;1659;146;7418;210;15812;0_0_0
55;1659;146;7418;210;15812;0_0_0
55;1659;146;7418;210;15812;0_0_0
55;1659;146;7418;78;2636;0_0_0
55;1659;146;7418;78;2636;0_0_0
55;1659;146;7418;78;2636;0_0_0
55;1659;146;7418;78;2636;0_0_0
55;1659;146;7418;78;2636;0_0_0
55;1659;146;7418;78;2636;0_0_0
55;1659;146;7418;78;2636;0_0_0
109;8185;146;7418;78;2636;0_0_0
109;8185;692;276562;78;2636;0_1_0
109;8185;692;276562;78;2636;0_1_0
109;8185;692;276562;78;2636;0_1_0
109;8185;692;276562;78;2636;0_1_0
109;8185;692;276562;78;2636;0_1_0
109;8185;692;276562;78;2636;0_1_0
109;8185;692;276562;78;2636;0_1_0
109;8185;692;276562;78;2636;0_1_0
109;8185;692;276562;78;2636;0_1_0
109;8185;692;276562;78;2636;0_1_0
109;8185;692;276562;78;2636;0_1_0
109;8185;692;276562;78;2636;0_1_0
109;8185;692;276562;63;1797;0_1_0
22;210;9;33;4;6;0_0_0
22;210;9;33;4;6;0_0_0
22;210;9;33;4;6;0_0_0
22;210;9;33;4;6;0_0_0
22;210;9;33;4;6;0_0_0
22;210;9;33;4;6;0_0_0
22;210;9;33;4;6;0_0_0
22;210;9;33;4;6;0_0_0
22;210;9;33;4;6;0_0_0
22;210;9;33;4;6;0_0_0
22;210;9;33;7;21;0_0_0
22;210;9;33;7;21;0_0_0
22;210;9;33;7;21;0_0_0
22;210;9;33;7;21;0_0_0
22;210;9;33;7;21;0_0_0
22;210;9;33;7;21;0_0_0
22;210;9;33;7;21;0_0_0
25;237;16;120;7;21;0_0_0
25;237;16;120;7;21;0_0_0
25;237;16;120;7;21;0_0_0
25;237;16;120;7;21;0_0_0
25;237;16;120;7;21;0_0_0
25;237;16;120;7;21;0_0_0
25;237;16;120;7;21;0_0_0
25;237;16;120;7;21;0_0_0
25;237;16;120;7;21;0_0_0
25;237;16;120;7;21;0_0_0
25;237;16;120;7;21;0_0_0
25;237;16;120;7;21;0_0_0
25;237;16;120;7;21;0_0_0
25;237;16;120;97;3969;0_0_0
25;237;16;120;97;3969;0_0_0
25;237;16;120;97;3969;0_0_0
25;237;16;120;97;3969;0_0_0
25;237;16;120;97;3969;0_0_0
25;237;16;120;97;3969;0_0_0
100;6568;725;246747;97;3969;0_1_0
100;6568;725;246747;97;3969;0_1_0
100;6568;725;246747;97;3969;0_1_0
100;6568;725;246747;97;3969;0_1_0
100;6568;725;246747;97;3969;0_1_0
100;6568;725;246747;97;3969;0_1_0
100;6568;725;246747;97;3969;0_1_0
100;6568;725;246747;97;3969;0_1_0
100;6568;725;246747;97;3969;0_1_0
100;6568;725;246747;97;3969;0_1_0
100;6568;725;246747;97;3969;0_1_0
100;6568;725;246747;97;3969;0_1_0
26;268;4;16;4;8;0_0_0
26;268;4;16;4;8;0_0_0
26;268;4;16;4;8;0_0_0
26;268;4;16;4;8;0_0_0
26;268;4;16;4;8;0_0_0
26;268;4;16;4;8;0_0_0
26;268;4;16;4;8;0_0_0
26;268;4;16;7;29;0_0_0
26;268;4;16;7;29;0_0_0
26;268;4;16;7;29;0_0_0
26;268;4;16;7;29;0_0_0
26;268;4;16;7;29;0_0_0
28;282;4;16;7;29;0_0_0
28;282;4;16;7;29;0_0_0
28;282;9;29;7;29;0_0_0
28;282;9;29;7;29;0_0_0
28;282;9;29;7;29;0_0_0
28;282;9;29;7;29;0_0_0
28;282;9;29;7;29;0_0_0
28;282;9;29;7;29;0_0_0
28;282;9;29;7;29;0_0_0
28;282;9;29;7;29;0_0_0
28;282;9;29;7;29;0_0_0
28;282;9;29;7;29;0_0_0
28;282;9;29;7;29;0_0_0
28;282;9;29;7;29;0_0_0
28;282;9;29;112;4254;0_0_0
28;282;9;29;112;4254;0_0_0
28;282;9;29;112;4254;0_0_0
28;282;9;29;112;4254;0_0_0
28;282;9;29;112;4254;0_0_0
85;4461;9;29;112;4254;0_0_0
85;4461;9;29;112;4254;0_0_0
85;4461;812;268646;112;4254;0_1_0
85;4461;812;268646;112;4254;0_1_0
85;4461;812;268646;112;4254;0_1_0
85;4461;812;268646;112;4254;0_1_0
85;4461;812;268646;112;4254;0_1_0
85;4461;812;268646;112;4254;0_1_0
85;4461;812;268646;112;4254;0_1_0
85;4461;812;268646;112;4254;0_1_0
85;4461;812;268646;112;4254;0_1_0
85;4461;812;268646;112;4254;0_1_0
85;4461;812;268646;112;4254;0_1_0
40;566;7;17;10;38;0_0_0
40;566;7;17;10;38;0_0_0
13;85;7;17;10;38;0_0_0
13;85;83;2299;10;38;0_0_0
13;85;83;2299;10;38;0_0_0
13;85;83;2299;10;38;0_0_0
13;85;83;2299;10;38;0_0_0
13;85;83;2299;10;38;0_0_0
13;85;83;2299;10;38;0_0_0
13;85;83;2299;10;38;0_0_0
13;85;83;2299;10;38;0_0_0
13;85;83;2299;10;38;0_0_0
13;85;83;2299;10;38;0_0_0
13;85;83;2299;10;38;0_0_0
13;85;83;2299;12;50;0_0_0
13;85;83;2299;12;50;0_0_0
13;85;83;2299;12;50;0_0_0
13;85;83;2299;12;50;0_0_0
13;85;83;2299;12;50;0_0_0
13;85;83;2299;12;50;0_0_0
13;85;83;2299;12;50;0_0_0
10;58;83;2299;12;50;0_0_0
10;58;83;2299;12;50;0_0_0
10;58;79;2105;12;50;0_0_0
10;58;79;2105;12;50;0_0_0
10;58;79;2105;12;50;0_0_0
10;58;79;2105;12;50;0_0_0
10;58;79;2105;12;50;0_0_0
10;58;79;2105;12;50;0_0_0
10;58;79;2105;12;50;0_0_0
10;58;79;2105;12;50;0_0_0
10;58;79;2105;12;50;0_0_0
10;58;79;2105;12;50;0_0_0
10;58;79;2105;12;50;0_0_0
10;58;79;2105;45;689;0_0_0
10;58;79;2105;45;689;0_0_0
10;58;79;2105;45;689;0_0_0
10;58;79;2105;45;689;0_0_0
10;58;79;2105;45;689;0_0_0
10;58;79;2105;45;689;0_0_0
11;65;79;2105;45;689;0_0_0
11;65;79;2105;45;689;0_0_0
11;65;66;1458;45;689;0_0_0
11;65;66;1458;45;689;0_0_0
11;65;66;1458;45;689;0_0_0
11;65;66;1458;45;689;0_0_0
11;65;66;1458;45;689;0_0_0
11;65;66;1458;45;689;0_0_0
11;65;66;1458;45;689;0_0_0
11;65;66;1458;45;689;0_0_0
11;65;66;1458;45;689;0_0_0
11;65;66;1458;45;689;0_0_0
11;65;66;1458;45;689;0_0_0
11;65;66;1458;52;970;0_0_0
11;65;66;1458;52;970;0_0_0
11;65;66;1458;52;970;0_0_0
11;65;66;1458;52;970;0_0_0
11;65;66;1458;52;970;0_0_0
11;65;66;1458;52;970;0_0_0
37;467;117;6075;52;970;0_1_0
37;467;117;6075;52;970;0_1_0
37;467;117;6075;52;970;0_1_0
37;467;117;6075;52;970;0_1_0
37;467;117;6075;52;970;0_1_0
37;467;117;6075;52;970;0_1_0
37;467;117;6075;52;970;0_1_0
37;467;117;6075;52;970;0_1_0
37;467;117;6075;52;970;0_1_0
37;467;117;6075;52;970;0_1_0
37;467;117;6075;52;970;0_1_0
37;467;117;6075;52;970;0_1_0
37;467;117;6075;52;970;0_1_0
37;467;117;6075;159;12977;0_1_0
37;467;117;6075;159;12977;0_1_0
26;246;5;9;6;26;0_0_0
26;246;5;9;6;26;0_0_0
26;246;5;9;6;26;0_0_0
26;246;5;9;6;26;0_0_0
26;246;5;9;8;30;0_0_0
26;246;5;9;8;30;0_0_0
26;246;5;9;8;30;0_0_0
26;246;5;9;8;30;0_0_0
26;246;5;9;8;30;0_0_0
26;246;5;9;8;30;0_0_0
26;236;5;9;8;30;0_0_0
26;236;5;11;8;30;0_0_0
26;236;5;11;8;30;0_0_0
26;236;5;11;8;30;0_0_0
26;236;5;11;8;30;0_0_0
26;236;5;11;8;30;0_0_0
26;236;5;11;8;30;0_0_0
26;236;5;11;8;30;0_0_0
26;236;5;11;8;30;0_0_0
26;236;5;11;8;30;0_0_0
26;236;5;11;8;30;0_0_0
26;236;5;11;8;30;0_0_0
26;236;5;11;8;30;0_0_0
26;236;5;11;8;38;0_0_0
26;236;5;11;8;38;0_0_0
26;236;5;11;8;38;0_0_0
26;236;5;11;8;38;0_0_0
26;236;5;11;8;38;0_0_0
26;236;5;11;8;38;0_0_0
117;7451;5;11;8;38;0_0_0
117;7451;1099;596125;8;38;0_1_0
117;7451;1099;596125;8;38;0_1_0
117;7451;1099;596125;8;38;0_1_0
117;7451;1099;596125;8;38;0_1_0
117;7451;1099;596125;8;38;0_1_0
117;7451;1099;596125;8;38;0_1_0
117;7451;1099;596125;8;38;0_1_0
117;7451;1099;596125;8;38;0_1_0
117;7451;1099;596125;8;38;0_1_0
117;7451;1099;596125;8;38;0_1_0
117;7451;1099;596125;8;38;0_1_0
117;7451;1099;596125;8;38;0_1_0
117;7451;1099;596125;83;2957;0_1_0
117;7451;1099;596125;83;2957;0_1_0
117;7451;1099;596125;83;2957;0_1_0
117;7451;1099;596125;83;2957;0_1_0
117;7451;1099;596125;83;2957;0_1_0
117;7451;1099;596125;83;2957;0_1_0
99;7253;1099;596125;83;2957;0_1_0
99;7253;1303;782645;83;2957;0_1_0
28;504;7;29;5;17;0_0_0
28;504;7;29;5;17;0_0_0
28;504;7;29;5;17;0_0_0
28;504;7;29;5;17;0_0_0
28;504;7;29;6;26;0_0_0
28;504;7;29;6;26;0_0_0
28;504;7;29;6;26;0_0_0
28;504;7;29;6;26;0_0_0
28;504;7;29;6;26;0_0_0
28;504;7;29;6;26;0_0_0
29;445;7;29;6;26;0_0_0
29;445;9;29;6;26;0_0_0
29;445;9;29;6;26;0_0_0
29;445;9;29;6;26;0_0_0
29;445;9;29;6;26;0_0_0
29;445;9;29;6;26;0_0_0
29;445;9;29;6;26;0_0_0
29;445;9;29;6;26;0_0_0
29;445;9;29;6;26;0_0_0
29;445;9;29;6;26;0_0_0
29;445;9;29;6;26;0_0_0
29;445;9;29;6;26;0_0_0
29;445;9;29;6;26;0_0_0
29;445;9;29;16;96;0_0_0
29;445;9;29;16;96;0_0_0
29;445;9;29;16;96;0_0_0
29;445;9;29;16;96;0_0_0
29;445;9;29;16;96;0_0_0
25;269;9;29;16;96;0_0_0
25;269;140;8218;16;96;0_1_0
25;269;140;8218;16;96;0_1_0
25;269;140;8218;16;96;0_1_0
25;269;140;8218;16;96;0_1_0
25;269;140;8218;16;96;0_1_0
25;269;140;8218;16;96;0_1_0
25;269;140;8218;16;96;0_1_0
25;269;140;8218;16;96;0_1_0
25;269;140;8218;16;96;0_1_0
25;269;140;8218;16;96;0_1_0
25;269;140;8218;16;96;0_1_0
25;269;140;8218;16;96;0_1_0
25;269;140;8218;16;96;0_1_0
25;269;140;8218;52;1206;0_1_0
25;269;140;8218;52;1206;0_1_0
25;269;140;8218;52;1206;0_1_0
25;269;140;8218;52;1206;0_1_0
25;269;140;8218;52;1206;0_1_0
29;285;140;8218;52;1206;0_1_0
29;285;208;14870;52;1206;0_1_0
29;285;208;14870;52;1206;0_1_0
29;285;208;14870;52;1206;0_1_0
29;285;208;14870;52;1206;0_1_0
29;285;208;14870;52;1206;0_1_0
29;285;208;14870;52;1206;0_1_0
29;285;208;14870;52;1206;0_1_0
30;518;4;10;10;42;0_0_0
30;518;4;10;12;50;0_0_0
30;518;4;10;12;50;0_0_0
30;518;4;10;12;50;0_0_0
30;518;4;10;12;50;0_0_0
30;518;4;10;12;50;0_0_0
31;605;4;10;12;50;0_0_0
31;605;4;10;12;50;0_0_0
31;605;5;13;12;50;0_0_0
31;605;5;13;12;50;0_0_0
31;605;5;13;12;50;0_0_0
31;605;5;13;12;50;0_0_0
31;605;5;13;12;50;0_0_0
31;605;5;13;12;50;0_0_0
31;605;5;13;12;50;0_0_0
31;605;5;13;12;50;0_0_0
31;605;5;13;12;50;0_0_0
31;605;5;13;12;50;0_0_0
31;605;5;13;12;50;0_0_0
31;605;5;13;12;50;0_0_0
31;605;5;13;10;36;0_0_0
31;605;5;13;10;36;0_0_0
31;605;5;13;10;36;0_0_0
31;605;5;13;10;36;0_0_0
31;605;5;13;10;36;0_0_0
31;605;5;13;10;36;0_0_0
15;131;5;13;10;36;0_0_0
15;131;104;4186;10;36;0_1_0
15;131;104;4186;10;36;0_1_0
15;131;104;4186;10;36;0_1_0
15;131;104;4186;10;36;0_1_0
15;131;104;4186;10;36;0_1_0
15;131;104;4186;10;36;0_1_0
15;131;104;4186;10;36;0_1_0
15;131;104;4186;10;36;0_1_0
15;131;104;4186;10;36;0_1_0
15;131;104;4186;10;36;0_1_0
15;131;104;4186;10;36;0_1_0
15;131;104;4186;44;662;0_1_0
15;131;104;4186;44;662;0_1_0
15;131;104;4186;44;662;0_1_0
15;131;104;4186;44;662;0_1_0
24;266;10;34;3;5;0_0_0
24;266;10;34;3;5;0_0_0
26;300;10;34;3;5;0_0_0
26;300;6;20;3;5;0_0_0
26;300;6;20;3;5;0_0_0
26;300;6;20;3;5;0_0_0
26;300;6;20;3;5;0_0_0
26;300;6;20;3;5;0_0_0
26;300;6;20;3;5;0_0_0
26;300;6;20;3;5;0_0_0
26;300;6;20;3;5;0_0_0
26;300;6;20;3;5;0_0_0
26;300;6;20;3;5;0_0_0
26;300;6;20;3;5;0_0_0
26;300;6;20;3;5;0_0_0
26;300;6;20;3;5;0_0_0
26;300;6;20;8;26;0_0_0
26;300;6;20;8;26;0_0_0
26;300;6;20;8;26;0_0_0
26;300;6;20;8;26;0_0_0
26;300;6;20;8;26;0_0_0
26;286;10;36;8;26;0_0_0
26;286;10;36;8;26;0_0_0
26;286;10;36;8;26;0_0_0
26;286;10;36;8;26;0_0_0
26;286;10;36;8;26;0_0_0
26;286;10;36;8;26;0_0_0
26;286;10;36;8;26;0_0_0
26;286;10;36;8;26;0_0_0
26;286;10;36;8;26;0_0_0
26;286;10;36;8;26;0_0_0
26;286;10;36;8;26;0_0_0
26;286;10;36;8;26;0_0_0
26;286;10;36;8;26;0_0_0
27;501;8;30;7;27;0_0_0
27;501;8;30;7;27;0_0_0
27;501;8;30;7;27;0_0_0
27;501;8;30;7;27;0_0_0
27;501;8;30;8;30;0_0_0
27;501;8;30;8;30;0_0_0
27;501;8;30;8;30;0_0_0
27;501;8;30;8;30;0_0_0
27;501;8;30;8;30;0_0_0
27;501;8;30;8;30;0_0_0
27;501;8;30;8;30;0_0_0
27;497;8;30;8;30;0_0_0
27;497;12;86;8;30;0_0_0
27;497;12;86;8;30;0_0_0
27;497;12;86;8;30;0_0_0
27;497;12;86;8;30;0_0_0
27;497;12;86;8;30;0_0_0
27;497;12;86;8;30;0_0_0
27;497;12;86;4;6;0_0_0
27;497;12;86;4;6;0_0_0
27;497;12;86;4;6;0_0_0
27;497;12;86;4;6;0_0_0
27;497;12;86;4;6;0_0_0
27;497;12;86;4;6;0_0_0
27;497;12;86;4;6;0_0_0
27;497;12;86;4;6;0_0_0
27;497;12;86;4;6;0_0_0
24;230;11;51;8;34;0_0_0
24;230;11;51;8;34;0_0_0
24;230;11;51;8;34;0_0_0
24;230;11;51;8;34;0_0_0
24;230;11;51;8;34;0_0_0
24;230;11;51;8;34;0_0_0
24;230;11;51;8;34;0_0_0
24;230;11;51;13;81;0_0_0
24;230;11;51;13;81;0_0_0
24;230;11;51;13;81;0_0_0
24;230;11;51;13;81;0_0_0
24;230;11;51;13;81;0_0_0
29;341;11;51;13;81;0_0_0
29;341;11;51;13;81;0_0_0
29;341;13;73;13;81;0_0_0
29;341;13;73;13;81;0_0_0
29;341;13;73;13;81;0_0_0
29;341;13;73;13;81;0_0_0
29;341;13;73;13;81;0_0_0
29;341;13;73;13;81;0_0_0
29;341;13;73;13;81;0_0_0
29;341;13;73;13;81;0_0_0
29;341;13;73;13;81;0_0_0
29;341;13;73;13;81;0_0_0
29;341;13;73;13;81;0_0_0
29;341;13;73;13;81;0_0_0
29;341;13;73;18;158;0_0_0
29;341;13;73;18;158;0_0_0
29;341;13;73;18;158;0_0_0
29;341;13;73;18;158;0_0_0
9;51;13;73;18;158;0_0_0
9;51;13;73;18;158;0_0_0
9;51;13;73;18;158;0_0_0
9;51;23;277;18;158;0_0_0
9;51;23;277;18;158;0_0_0
9;51;23;277;18;158;0_0_0
9;51;23;277;18;158;0_0_0
9;51;23;277;18;158;0_0_0
9;51;23;277;18;158;0_0_0
9;51;23;277;18;158;0_0_0
9;51;23;277;18;158;0_0_0
9;51;23;277;18;158;0_0_0
30;356;11;45;9;41;0_0_0
30;356;11;45;9;41;0_0_0
30;356;11;45;9;41;0_0_0
30;356;11;45;17;125;0_0_0
30;356;11;45;17;125;0_0_0
30;356;11;45;17;125;0_0_0
30;356;11;45;17;125;0_0_0
30;356;11;45;17;125;0_0_0
30;356;11;45;17;125;0_0_0
35;437;11;45;17;125;0_0_0
35;437;11;45;17;125;0_0_0
35;437;15;93;17;125;0_0_0
35;437;15;93;17;125;0_0_0
35;437;15;93;17;125;0_0_0
35;437;15;93;17;125;0_0_0
35;437;15;93;17;125;0_0_0
35;437;15;93;17;125;0_0_0
35;437;15;93;17;125;0_0_0
35;437;15;93;17;125;0_0_0
35;437;15;93;17;125;0_0_0
35;437;15;93;17;125;0_0_0
35;437;15;93;17;125;0_0_0
35;437;15;93;13;69;0_0_0
35;437;15;93;13;69;0_0_0
